Var,percentile,est or se,CDH,CDL,CWH,CWL,CXH,CXL,WDL,WWL,CDLk,CDM,CWLk,CWM,CXLk,CXM,WWH,WWLk,WXH,WXL
CLAR,0,est,0.4219,0.118,0.5149,0.4083,0.5728,0.4664,0.1132,0.2507,0.3871,0.4387,0.4561,0.4049,0.4596,0.3275,0.3751,0.1543,0.3662,0.4269
CLAR,5,est,0.3641,0.0802,0.4507,0.3522,0.5115,0.4082,0.0665,0.2003,0.3324,0.3798,0.3922,0.3426,0.3995,0.2728,0.3184,0.0979,0.31,0.3724
CLAR,10,est,0.3248,0.0608,0.405,0.3144,0.4685,0.3684,0.0382,0.1683,0.296,0.3394,0.3468,0.2987,0.3578,0.2366,0.2801,0.0598,0.2722,0.3362
CLAR,15,est,0.312,0.068,0.3858,0.3032,0.4521,0.3552,0.0365,0.1628,0.2862,0.3255,0.3279,0.2814,0.3426,0.2268,0.2684,0.0483,0.261,0.3267
CLAR,20,est,0.3179,0.0939,0.3854,0.3108,0.4545,0.3607,0.0535,0.1761,0.2951,0.3304,0.3278,0.2828,0.3462,0.2359,0.2754,0.0556,0.2685,0.3359
CLAR,25,est,0.2948,0.0908,0.3559,0.2893,0.4278,0.3372,0.0415,0.1604,0.275,0.3063,0.2986,0.2552,0.3207,0.2159,0.2534,0.0338,0.247,0.3161
CLAR,30,est,0.2554,0.0713,0.3101,0.2515,0.3848,0.2974,0.0132,0.1283,0.2386,0.2658,0.2531,0.2112,0.2789,0.1795,0.215,-0.0043,0.2092,0.2799
CLAR,35,est,0.2122,0.048,0.2605,0.2099,0.338,0.2537,-0.019,0.0925,0.1984,0.2215,0.2039,0.1635,0.2333,0.1394,0.1729,-0.0462,0.1676,0.2399
CLAR,40,est,0.192,0.0478,0.2339,0.1913,0.3142,0.2331,-0.0281,0.0797,0.1812,0.2003,0.1776,0.1388,0.2107,0.1223,0.1537,-0.0651,0.149,0.223
CLAR,45,est,0.1799,0.0556,0.2154,0.1808,0.2985,0.2206,-0.0291,0.0749,0.1721,0.1871,0.1594,0.1221,0.1962,0.1133,0.1427,-0.0759,0.1384,0.2141
CLAR,50,est,0.1553,0.051,0.1844,0.1578,0.2703,0.1955,-0.0427,0.0576,0.1505,0.1614,0.1287,0.093,0.1692,0.0918,0.1191,-0.0993,0.1154,0.1928
CLAR,55,est,0.1322,0.0478,0.1549,0.1363,0.2436,0.172,-0.0547,0.0419,0.1304,0.1372,0.0995,0.0653,0.1437,0.0717,0.097,-0.1211,0.0939,0.1729
CLAR,60,est,0.1031,0.0387,0.1194,0.1088,0.2109,0.1425,-0.0728,0.0201,0.1042,0.107,0.0643,0.0317,0.1122,0.0457,0.069,-0.1489,0.0663,0.147
CLAR,65,est,0.0632,0.0187,0.0731,0.0705,0.1674,0.1022,-0.1016,-0.0124,0.0673,0.0661,0.0184,-0.0128,0.07,0.0089,0.0302,-0.1875,0.028,0.1104
CLAR,70,est,0.0323,0.0078,0.0358,0.0412,0.1329,0.0708,-0.1214,-0.036,0.0394,0.0341,-0.0186,-0.0482,0.0367,-0.0189,0.0003,-0.2171,-0.0013,0.0827
CLAR,75,est,0.0236,0.019,0.0207,0.0342,0.1206,0.0617,-0.119,-0.0373,0.0337,0.0243,-0.0334,-0.0614,0.0256,-0.0245,-0.0073,-0.2245,-0.0084,0.0773
CLAR,80,est,0.0099,0.0253,0.0006,0.0221,0.1033,0.0476,-0.1217,-0.0436,0.023,0.0096,-0.0531,-0.0797,0.0095,-0.0351,-0.02,-0.2369,-0.0205,0.0668
CLAR,85,est,-0.0126,0.0227,-0.0283,0.0012,0.0772,0.0247,-0.1331,-0.0588,0.0035,-0.014,-0.0817,-0.1067,-0.0154,-0.0545,-0.0414,-0.2581,-0.0415,0.0476
CLAR,90,est,-0.0425,0.0128,-0.0646,-0.0271,0.0437,-0.0057,-0.1519,-0.0814,-0.0234,-0.045,-0.1177,-0.1411,-0.0476,-0.0814,-0.0703,-0.2867,-0.0698,0.0209
CLAR,95,est,-0.0795,-0.0043,-0.108,-0.0625,0.0031,-0.0431,-0.1779,-0.111,-0.0574,-0.0831,-0.1608,-0.1827,-0.087,-0.1153,-0.1062,-0.3224,-0.1052,-0.0128
CLAR,100,est,-0.1237,-0.0285,-0.1585,-0.1051,-0.0447,-0.0877,-0.211,-0.1479,-0.0986,-0.1284,-0.2111,-0.2314,-0.1336,-0.1564,-0.1494,-0.3653,-0.1478,-0.0538
CLAR,0,se,0.07613,0.08849,0.03455,0.04735,0.06357,0.09491,0.13334,0.05438,0.13926,0.12475,0.07204,0.0832,0.0956,0.10255,0.11981,0.12462,0.12629,0.11635
CLAR,5,se,0.06773,0.0825,0.03026,0.0424,0.05783,0.08858,0.12513,0.04887,0.13157,0.11775,0.065,0.07988,0.08917,0.09835,0.1131,0.11621,0.119,0.10826
CLAR,10,se,0.06279,0.07853,0.03067,0.0416,0.05613,0.08518,0.11838,0.04696,0.12574,0.11377,0.06126,0.07802,0.08612,0.09637,0.10886,0.10966,0.11446,0.10214
CLAR,15,se,0.05679,0.07265,0.02676,0.03765,0.05352,0.08139,0.11065,0.04225,0.11935,0.10993,0.05621,0.07429,0.08348,0.09331,0.10403,0.10274,0.11047,0.09509
CLAR,20,se,0.05388,0.06803,0.02826,0.03679,0.05466,0.08012,0.10414,0.04022,0.11447,0.10814,0.05431,0.07316,0.08391,0.09224,0.10076,0.0983,0.1088,0.08994
CLAR,25,se,0.05018,0.06272,0.02814,0.03438,0.057,0.07961,0.09755,0.03806,0.11042,0.10658,0.05338,0.07399,0.08437,0.09247,0.09914,0.09363,0.10705,0.08527
CLAR,30,se,0.04831,0.05902,0.03024,0.03432,0.06154,0.08147,0.09178,0.03778,0.1085,0.10665,0.05536,0.07708,0.08656,0.09476,0.09942,0.09016,0.1068,0.08286
CLAR,35,se,0.04537,0.05452,0.03001,0.0329,0.06536,0.08375,0.08514,0.03527,0.10711,0.10705,0.05749,0.07994,0.08888,0.09725,0.09973,0.08658,0.10688,0.08078
CLAR,40,se,0.04438,0.04889,0.02948,0.03017,0.06929,0.08653,0.07779,0.02978,0.10575,0.10811,0.06033,0.08275,0.09189,0.10011,0.10054,0.08342,0.1077,0.07915
CLAR,45,se,0.04952,0.04643,0.03538,0.03299,0.07648,0.09222,0.07285,0.02894,0.10674,0.1118,0.06677,0.08862,0.0978,0.10541,0.10418,0.08346,0.11124,0.08083
CLAR,50,se,0.05543,0.04537,0.04189,0.03737,0.08464,0.09925,0.0691,0.03078,0.10982,0.11683,0.07453,0.09598,0.10494,0.11188,0.10941,0.08532,0.11618,0.08452
CLAR,55,se,0.05953,0.04263,0.04515,0.03907,0.09198,0.10596,0.06468,0.03065,0.11355,0.12184,0.08159,0.10272,0.11173,0.11806,0.11469,0.08732,0.12112,0.08838
CLAR,60,se,0.06238,0.03826,0.04598,0.03859,0.0991,0.11247,0.06008,0.02917,0.1176,0.12687,0.08797,0.10894,0.11831,0.12407,0.12006,0.08934,0.12612,0.09242
CLAR,65,se,0.06645,0.03632,0.04787,0.03975,0.1073,0.12002,0.05792,0.03085,0.123,0.13302,0.0953,0.116,0.12584,0.13103,0.12661,0.09283,0.13226,0.0979
CLAR,70,se,0.0729,0.03842,0.05257,0.04354,0.11649,0.12885,0.0586,0.03534,0.1299,0.14052,0.10403,0.1243,0.13456,0.13921,0.13454,0.09839,0.13976,0.10486
CLAR,75,se,0.07865,0.03795,0.05563,0.04408,0.12437,0.13699,0.05754,0.03484,0.13627,0.14755,0.11181,0.1319,0.14259,0.14678,0.14192,0.10347,0.1468,0.11097
CLAR,80,se,0.08649,0.04237,0.06117,0.04845,0.13357,0.14651,0.05995,0.03889,0.14439,0.15603,0.12117,0.1409,0.15194,0.15569,0.15079,0.11034,0.15531,0.11946
CLAR,85,se,0.09382,0.04493,0.06524,0.05135,0.14221,0.15566,0.06167,0.04084,0.15244,0.16432,0.12996,0.14948,0.16094,0.16429,0.15945,0.11696,0.16364,0.12784
CLAR,90,se,0.10013,0.04402,0.06766,0.05271,0.15007,0.16423,0.06191,0.04034,0.16014,0.17219,0.13796,0.15742,0.16938,0.17236,0.16766,0.12325,0.17156,0.13562
CLAR,95,se,0.10765,0.04441,0.07188,0.05755,0.15877,0.17366,0.06481,0.04338,0.16893,0.18099,0.14689,0.16623,0.17866,0.18128,0.17681,0.13091,0.18042,0.14447
CLAR,100,se,0.12271,0.06116,0.08709,0.07574,0.17276,0.18803,0.08065,0.06296,0.18297,0.19466,0.16152,0.18016,0.19275,0.19498,0.19091,0.14514,0.19416,0.15923
COND,0,est,1.835,2.067,1.929,2.112,1.852,1.862,2.252,2.156,1.986,1.996,2.007,1.907,1.829,1.848,1.873,2.173,1.998,2.066
COND,5,est,1.848,2.072,1.939,2.113,1.86,1.865,2.256,2.155,1.992,2.002,2.017,1.915,1.836,1.856,1.88,2.175,2.004,2.067
COND,10,est,1.866,2.083,1.954,2.118,1.873,1.873,2.265,2.159,2.003,2.013,2.033,1.928,1.849,1.87,1.892,2.182,2.015,2.073
COND,15,est,1.889,2.099,1.975,2.129,1.891,1.887,2.28,2.169,2.019,2.029,2.053,1.946,1.867,1.888,1.909,2.194,2.032,2.085
COND,20,est,1.908,2.111,1.991,2.136,1.905,1.895,2.29,2.174,2.031,2.041,2.07,1.961,1.88,1.903,1.922,2.202,2.045,2.092
COND,25,est,1.918,2.113,1.998,2.134,1.91,1.895,2.291,2.17,2.034,2.043,2.077,1.966,1.885,1.908,1.926,2.201,2.048,2.09
COND,30,est,1.954,2.142,2.031,2.157,1.941,1.921,2.318,2.192,2.062,2.072,2.11,1.996,1.915,1.939,1.956,2.226,2.077,2.114
COND,35,est,1.987,2.167,2.061,2.178,1.969,1.944,2.342,2.212,2.088,2.098,2.14,2.024,1.942,1.967,1.983,2.247,2.104,2.135
COND,40,est,2.018,2.191,2.09,2.197,1.995,1.965,2.364,2.229,2.112,2.122,2.169,2.051,1.968,1.994,2.008,2.268,2.128,2.155
COND,45,est,2.027,2.193,2.095,2.193,1.998,1.964,2.364,2.224,2.114,2.123,2.175,2.055,1.971,1.998,2.011,2.265,2.13,2.151
COND,50,est,2.024,2.182,2.09,2.178,1.991,1.951,2.352,2.207,2.104,2.113,2.169,2.047,1.963,1.991,2.002,2.251,2.121,2.136
COND,55,est,2.026,2.177,2.089,2.168,1.988,1.943,2.345,2.196,2.099,2.108,2.169,2.044,1.959,1.988,1.998,2.242,2.117,2.127
COND,60,est,2.035,2.179,2.096,2.165,1.992,1.942,2.346,2.191,2.101,2.11,2.175,2.049,1.963,1.993,2.001,2.241,2.119,2.124
COND,65,est,2.051,2.187,2.108,2.168,2.002,1.948,2.352,2.193,2.11,2.118,2.188,2.059,1.973,2.004,2.011,2.245,2.128,2.128
COND,70,est,2.072,2.201,2.126,2.177,2.018,1.958,2.364,2.2,2.123,2.132,2.206,2.075,1.988,2.02,2.025,2.255,2.142,2.137
COND,75,est,2.099,2.221,2.151,2.192,2.04,1.976,2.383,2.214,2.144,2.152,2.231,2.098,2.01,2.043,2.047,2.271,2.163,2.152
COND,80,est,2.133,2.248,2.182,2.214,2.07,2,2.408,2.234,2.171,2.179,2.262,2.127,2.039,2.072,2.075,2.294,2.191,2.175
COND,85,est,2.172,2.279,2.218,2.24,2.103,2.028,2.438,2.259,2.202,2.21,2.298,2.16,2.072,2.106,2.107,2.322,2.223,2.201
COND,90,est,2.213,2.312,2.256,2.268,2.139,2.059,2.469,2.286,2.236,2.244,2.336,2.196,2.107,2.142,2.142,2.351,2.257,2.23
COND,95,est,2.221,2.313,2.261,2.264,2.142,2.057,2.469,2.28,2.237,2.245,2.342,2.2,2.11,2.146,2.144,2.349,2.258,2.226
COND,100,est,2.194,2.279,2.232,2.225,2.11,2.02,2.433,2.239,2.203,2.21,2.312,2.168,2.077,2.114,2.111,2.31,2.225,2.187
COND,0,se,0.06808,0.07977,0.02831,0.04107,0.05339,0.0638,0.1047,0.04346,0.15323,0.13409,0.06098,0.06334,0.07518,0.06987,0.10395,0.10125,0.09543,0.08888
COND,5,se,0.06288,0.07505,0.02565,0.03793,0.05075,0.06025,0.09904,0.04008,0.14989,0.13096,0.05692,0.06142,0.07244,0.06788,0.10069,0.09636,0.09219,0.08436
COND,10,se,0.05845,0.07078,0.02425,0.03578,0.04951,0.05763,0.09375,0.03756,0.14709,0.12839,0.05403,0.06035,0.07086,0.06722,0.09827,0.09211,0.09012,0.08058
COND,15,se,0.05368,0.06596,0.02143,0.0327,0.04838,0.05482,0.08809,0.03398,0.14439,0.12577,0.05122,0.05909,0.06947,0.06678,0.09591,0.08785,0.08863,0.07669
COND,20,se,0.05074,0.06212,0.02292,0.0323,0.04978,0.05403,0.08342,0.03266,0.1426,0.12415,0.05097,0.06007,0.06991,0.06829,0.09478,0.08497,0.08867,0.07444
COND,25,se,0.04641,0.05677,0.02101,0.02945,0.05041,0.05221,0.07783,0.0288,0.1406,0.12257,0.04983,0.06093,0.06995,0.06917,0.09352,0.08132,0.08764,0.07181
COND,30,se,0.04392,0.05373,0.02122,0.02843,0.05317,0.05181,0.07295,0.02761,0.13941,0.12176,0.05023,0.06285,0.07143,0.07151,0.09363,0.07913,0.08823,0.07028
COND,35,se,0.04313,0.05156,0.02391,0.02947,0.05715,0.05269,0.06872,0.02809,0.1389,0.12175,0.05237,0.06596,0.07415,0.075,0.09463,0.07803,0.08988,0.07018
COND,40,se,0.04352,0.04984,0.02739,0.0314,0.06172,0.05426,0.06483,0.02927,0.13891,0.12231,0.05565,0.06967,0.07763,0.07914,0.09622,0.07776,0.0922,0.07109
COND,45,se,0.04146,0.04391,0.02706,0.02945,0.06474,0.05457,0.0594,0.02521,0.13842,0.1223,0.0578,0.07275,0.08009,0.08223,0.09695,0.07619,0.09369,0.07104
COND,50,se,0.04119,0.03813,0.0293,0.02956,0.06911,0.05684,0.05523,0.02261,0.13875,0.12322,0.06178,0.07738,0.08381,0.08648,0.0988,0.0758,0.0963,0.07252
COND,55,se,0.04334,0.03473,0.03356,0.03224,0.07481,0.06077,0.05284,0.02377,0.14002,0.12517,0.06727,0.08301,0.08876,0.09185,0.10193,0.07712,0.10011,0.0756
COND,60,se,0.04602,0.03223,0.03708,0.0348,0.08068,0.06479,0.0511,0.02559,0.14166,0.1275,0.0728,0.08858,0.09393,0.09736,0.1055,0.07905,0.10425,0.07912
COND,65,se,0.04912,0.03047,0.03981,0.03696,0.08651,0.06867,0.04968,0.02737,0.14356,0.13009,0.07815,0.09398,0.09916,0.10286,0.10933,0.08135,0.10856,0.08279
COND,70,se,0.05262,0.02939,0.04216,0.03886,0.09225,0.07238,0.04833,0.02888,0.14571,0.13292,0.08336,0.09927,0.10444,0.10837,0.11337,0.08405,0.11301,0.08661
COND,75,se,0.05634,0.02849,0.04437,0.04061,0.09789,0.0759,0.04678,0.03005,0.14809,0.13596,0.08847,0.10449,0.10976,0.11386,0.11759,0.08708,0.11759,0.09061
COND,80,se,0.06035,0.0275,0.04662,0.04244,0.1035,0.07927,0.04501,0.03113,0.15071,0.13924,0.09357,0.10972,0.11515,0.11941,0.12199,0.09043,0.12231,0.09495
COND,85,se,0.06514,0.0273,0.04962,0.04501,0.10938,0.08291,0.04377,0.03313,0.15378,0.14296,0.09901,0.11526,0.12089,0.12525,0.12682,0.09445,0.12741,0.09988
COND,90,se,0.07195,0.03132,0.05518,0.0503,0.11639,0.08805,0.04549,0.03873,0.15793,0.14781,0.10574,0.12193,0.12774,0.13214,0.13282,0.10015,0.13364,0.10625
COND,95,se,0.07582,0.03079,0.05742,0.05205,0.12223,0.09252,0.04687,0.0394,0.16147,0.15195,0.11165,0.12785,0.13359,0.13806,0.13786,0.10425,0.13896,0.11139
COND,100,se,0.07993,0.03431,0.06055,0.05484,0.12891,0.09903,0.05308,0.04131,0.16586,0.15697,0.11892,0.13495,0.14028,0.14477,0.1437,0.10904,0.1451,0.11744
DRP,0,est,-2.477,-2.235,-2.248,-2.075,-2.342,-2.138,-2.087,-2.027,-2.492,-2.422,-2.721,-2.536,-2.789,-2.596,-2.094,-1.49,-2.114,-2.416
DRP,5,est,-2.449,-2.215,-2.221,-2.059,-2.298,-2.124,-2.069,-2.015,-2.455,-2.382,-2.641,-2.489,-2.717,-2.541,-2.078,-1.533,-2.101,-2.389
DRP,10,est,-2.414,-2.189,-2.188,-2.037,-2.248,-2.105,-2.046,-1.996,-2.412,-2.335,-2.554,-2.437,-2.64,-2.48,-2.056,-1.57,-2.082,-2.356
DRP,15,est,-2.374,-2.159,-2.149,-2.01,-2.193,-2.079,-2.018,-1.972,-2.364,-2.283,-2.462,-2.379,-2.557,-2.413,-2.029,-1.601,-2.058,-2.318
DRP,20,est,-2.334,-2.127,-2.111,-1.983,-2.138,-2.054,-1.989,-1.948,-2.316,-2.231,-2.37,-2.321,-2.474,-2.347,-2.002,-1.632,-2.033,-2.28
DRP,25,est,-2.305,-2.108,-2.084,-1.967,-2.094,-2.039,-1.971,-1.936,-2.279,-2.19,-2.29,-2.274,-2.403,-2.292,-1.986,-1.674,-2.02,-2.253
DRP,30,est,-2.262,-2.074,-2.043,-1.938,-2.037,-2.012,-1.94,-1.91,-2.229,-2.136,-2.195,-2.214,-2.318,-2.223,-1.956,-1.703,-1.993,-2.212
DRP,35,est,-2.215,-2.036,-1.997,-1.903,-1.975,-1.979,-1.904,-1.879,-2.174,-2.077,-2.096,-2.149,-2.228,-2.149,-1.922,-1.727,-1.962,-2.167
DRP,40,est,-2.172,-2.002,-1.955,-1.873,-1.916,-1.95,-1.872,-1.851,-2.122,-2.021,-2.001,-2.088,-2.142,-2.079,-1.891,-1.755,-1.934,-2.125
DRP,45,est,-2.136,-1.975,-1.922,-1.85,-1.866,-1.93,-1.848,-1.832,-2.079,-1.974,-1.914,-2.035,-2.064,-2.018,-1.868,-1.791,-1.914,-2.092
DRP,50,est,-2.112,-1.96,-1.898,-1.839,-1.826,-1.919,-1.835,-1.824,-2.046,-1.937,-1.837,-1.992,-1.996,-1.967,-1.856,-1.837,-1.905,-2.069
DRP,55,est,-2.095,-1.952,-1.883,-1.835,-1.794,-1.917,-1.829,-1.823,-2.021,-1.908,-1.769,-1.957,-1.937,-1.923,-1.852,-1.892,-1.904,-2.054
DRP,60,est,-2.079,-1.945,-1.869,-1.832,-1.763,-1.916,-1.825,-1.823,-1.998,-1.881,-1.701,-1.924,-1.878,-1.881,-1.849,-1.947,-1.904,-2.041
DRP,65,est,-2.054,-1.929,-1.846,-1.82,-1.723,-1.906,-1.811,-1.815,-1.965,-1.844,-1.624,-1.881,-1.811,-1.83,-1.837,-1.994,-1.895,-2.018
DRP,70,est,-2.017,-1.902,-1.811,-1.796,-1.671,-1.884,-1.786,-1.794,-1.92,-1.795,-1.536,-1.826,-1.731,-1.767,-1.813,-2.028,-1.874,-1.983
DRP,75,est,-1.972,-1.866,-1.767,-1.764,-1.611,-1.854,-1.753,-1.765,-1.867,-1.738,-1.439,-1.764,-1.644,-1.696,-1.781,-2.055,-1.845,-1.94
DRP,80,est,-1.921,-1.824,-1.718,-1.726,-1.545,-1.817,-1.713,-1.73,-1.808,-1.675,-1.336,-1.695,-1.55,-1.618,-1.742,-2.075,-1.809,-1.891
DRP,85,est,-1.86,-1.772,-1.658,-1.678,-1.469,-1.771,-1.663,-1.686,-1.739,-1.602,-1.223,-1.616,-1.446,-1.531,-1.694,-2.085,-1.764,-1.831
DRP,90,est,-1.79,-1.711,-1.591,-1.621,-1.385,-1.716,-1.605,-1.632,-1.661,-1.521,-1.102,-1.528,-1.334,-1.435,-1.637,-2.087,-1.71,-1.764
DRP,95,est,-1.768,-1.698,-1.569,-1.611,-1.347,-1.708,-1.594,-1.626,-1.631,-1.486,-1.027,-1.488,-1.268,-1.386,-1.627,-2.135,-1.703,-1.743
DRP,100,est,-1.796,-1.735,-1.6,-1.653,-1.36,-1.751,-1.633,-1.67,-1.651,-1.502,-1.004,-1.498,-1.254,-1.388,-1.668,-2.235,-1.747,-1.774
DRP,0,se,0.0971,0.1169,0.0444,0.0655,0.0999,0.186,0.1989,0.0701,0.3068,0.2099,0.121,0.1086,0.1596,0.1164,0.2214,0.2275,0.1837,0.2087
DRP,5,se,0.0867,0.1095,0.04,0.0601,0.0885,0.1659,0.1868,0.0644,0.2776,0.1896,0.106,0.0983,0.1436,0.1051,0.1987,0.2078,0.1645,0.1875
DRP,10,se,0.0779,0.1029,0.0373,0.0561,0.0802,0.1482,0.1754,0.0599,0.2495,0.1715,0.0929,0.0903,0.1302,0.0973,0.1778,0.189,0.1479,0.1675
DRP,15,se,0.069,0.0955,0.0326,0.0507,0.074,0.1323,0.1635,0.0541,0.2223,0.155,0.0811,0.0838,0.1192,0.092,0.1583,0.1706,0.1337,0.1478
DRP,20,se,0.0637,0.0897,0.0344,0.0494,0.0741,0.121,0.1529,0.0515,0.1977,0.1423,0.0748,0.0831,0.1131,0.0926,0.1424,0.1545,0.1242,0.1311
DRP,25,se,0.0548,0.0814,0.0298,0.0438,0.0748,0.1115,0.1407,0.0447,0.1743,0.1314,0.0691,0.0843,0.1085,0.0946,0.1288,0.1376,0.1155,0.115
DRP,30,se,0.051,0.0778,0.0317,0.0431,0.0826,0.1093,0.1307,0.0439,0.1559,0.1267,0.0708,0.0909,0.1106,0.1025,0.1218,0.1245,0.114,0.1035
DRP,35,se,0.0521,0.076,0.0381,0.0463,0.0942,0.1138,0.1218,0.0464,0.1435,0.128,0.0784,0.1014,0.1181,0.1143,0.1216,0.1152,0.1187,0.0983
DRP,40,se,0.0504,0.0683,0.0376,0.0437,0.1041,0.1205,0.1104,0.0413,0.1353,0.1318,0.0864,0.1111,0.1265,0.1255,0.1247,0.1066,0.1254,0.096
DRP,45,se,0.0507,0.0589,0.0387,0.042,0.1157,0.1316,0.0993,0.0352,0.1345,0.1402,0.0978,0.123,0.138,0.1384,0.1334,0.1018,0.1359,0.0996
DRP,50,se,0.0561,0.0529,0.0447,0.0454,0.13,0.1474,0.0907,0.0349,0.1429,0.1537,0.1127,0.1376,0.1531,0.1539,0.148,0.1032,0.1509,0.1101
DRP,55,se,0.0626,0.048,0.0503,0.0493,0.1451,0.1655,0.0835,0.0362,0.158,0.1699,0.1287,0.153,0.1698,0.1702,0.1659,0.1092,0.1681,0.1243
DRP,60,se,0.0695,0.0439,0.0548,0.0526,0.1606,0.185,0.0774,0.0381,0.1777,0.1881,0.145,0.1686,0.1875,0.187,0.186,0.1187,0.1866,0.1409
DRP,65,se,0.0774,0.0411,0.0587,0.0558,0.1764,0.2055,0.0727,0.0406,0.2007,0.2077,0.1614,0.1843,0.206,0.2041,0.2076,0.131,0.2062,0.1591
DRP,70,se,0.0861,0.0396,0.0624,0.059,0.1925,0.2268,0.0693,0.0432,0.2259,0.2283,0.1779,0.2003,0.2251,0.2214,0.2303,0.1455,0.2265,0.1783
DRP,75,se,0.0952,0.0386,0.0661,0.0623,0.2085,0.2486,0.0668,0.0456,0.2527,0.2498,0.1945,0.2163,0.2445,0.239,0.2537,0.1616,0.2474,0.1985
DRP,80,se,0.1048,0.0378,0.07,0.0661,0.2246,0.2709,0.0652,0.0482,0.2806,0.2718,0.2111,0.2325,0.2644,0.2567,0.2778,0.179,0.2688,0.2197
DRP,85,se,0.1154,0.0384,0.0752,0.0712,0.241,0.2937,0.0655,0.0523,0.3096,0.2946,0.2282,0.2491,0.2847,0.2748,0.3026,0.1977,0.2908,0.2418
DRP,90,se,0.1286,0.0456,0.0842,0.0801,0.2586,0.3177,0.0707,0.0615,0.34,0.3187,0.2465,0.2668,0.3063,0.2941,0.3286,0.2186,0.314,0.2654
DRP,95,se,0.1366,0.0451,0.0874,0.0831,0.2747,0.3406,0.076,0.0626,0.3697,0.3417,0.264,0.2834,0.3266,0.3119,0.3536,0.237,0.336,0.2871
DRP,100,se,0.1441,0.0525,0.092,0.0878,0.2915,0.3642,0.0898,0.0659,0.4004,0.3655,0.283,0.3011,0.3476,0.3305,0.3794,0.2557,0.3587,0.309
ECOLI,0,est,1.381,1.61,1.146,1.691,0.822,1.688,1.455,1.9,1.17,1.03,0.139,0.716,0.936,1.02,1.498,1.681,1.158,1.536
ECOLI,5,est,1.674,1.897,1.456,1.973,1.199,1.975,1.76,2.175,1.474,1.371,0.555,1.097,1.297,1.369,1.798,1.957,1.486,1.829
ECOLI,10,est,1.775,1.992,1.574,2.063,1.384,2.07,1.872,2.257,1.586,1.518,0.778,1.285,1.465,1.524,1.906,2.039,1.623,1.928
ECOLI,15,est,1.672,1.883,1.487,1.949,1.365,1.961,1.78,2.135,1.493,1.462,0.797,1.269,1.428,1.476,1.809,1.918,1.555,1.824
ECOLI,20,est,1.545,1.75,1.377,1.811,1.322,1.828,1.664,1.99,1.377,1.382,0.793,1.23,1.369,1.404,1.689,1.773,1.463,1.696
ECOLI,25,est,1.762,1.961,1.61,2.016,1.623,2.04,1.892,2.189,1.604,1.646,1.132,1.535,1.653,1.675,1.913,1.972,1.716,1.912
ECOLI,30,est,1.791,1.984,1.657,2.035,1.736,2.063,1.933,2.2,1.645,1.723,1.284,1.652,1.749,1.76,1.95,1.983,1.781,1.94
ECOLI,35,est,1.832,2.019,1.714,2.064,1.861,2.098,1.985,2.222,1.696,1.81,1.447,1.78,1.857,1.855,1.998,2.006,1.857,1.98
ECOLI,40,est,1.861,2.042,1.76,2.082,1.974,2.121,2.025,2.233,1.736,1.886,1.599,1.897,1.953,1.939,2.034,2.017,1.921,2.008
ECOLI,45,est,1.93,2.105,1.845,2.14,2.127,2.185,2.106,2.284,1.816,2.002,1.791,2.053,2.09,2.063,2.11,2.068,2.026,2.076
ECOLI,50,est,2.015,2.184,1.947,2.215,2.296,2.264,2.202,2.351,1.912,2.135,1.998,2.226,2.242,2.203,2.202,2.135,2.147,2.16
ECOLI,55,est,2.065,2.228,2.014,2.253,2.43,2.308,2.263,2.382,1.972,2.232,2.171,2.364,2.359,2.308,2.259,2.167,2.232,2.209
ECOLI,60,est,2.077,2.234,2.043,2.254,2.526,2.315,2.287,2.376,1.995,2.291,2.305,2.463,2.438,2.375,2.278,2.161,2.28,2.22
ECOLI,65,est,2.098,2.249,2.08,2.264,2.63,2.329,2.318,2.378,2.026,2.358,2.448,2.571,2.526,2.45,2.305,2.163,2.335,2.239
ECOLI,70,est,2.134,2.279,2.133,2.289,2.75,2.359,2.366,2.396,2.073,2.441,2.607,2.695,2.629,2.541,2.348,2.181,2.407,2.274
ECOLI,75,est,2.184,2.323,2.2,2.328,2.885,2.404,2.427,2.428,2.134,2.538,2.78,2.833,2.747,2.646,2.406,2.213,2.493,2.324
ECOLI,80,est,2.268,2.401,2.3,2.4,3.052,2.482,2.522,2.493,2.228,2.669,2.986,3.004,2.897,2.784,2.496,2.278,2.611,2.406
ECOLI,85,est,2.325,2.452,2.374,2.447,3.194,2.534,2.591,2.532,2.297,2.774,3.166,3.149,3.022,2.897,2.561,2.318,2.705,2.463
ECOLI,90,est,2.302,2.423,2.367,2.412,3.254,2.504,2.578,2.49,2.283,2.797,3.265,3.213,3.065,2.928,2.544,2.276,2.716,2.438
ECOLI,95,est,2.327,2.442,2.409,2.426,3.363,2.523,2.615,2.497,2.319,2.869,3.412,3.325,3.157,3.008,2.576,2.283,2.777,2.462
ECOLI,100,est,2.431,2.54,2.53,2.519,3.552,2.622,2.73,2.583,2.434,3.02,3.639,3.517,3.329,3.167,2.688,2.369,2.917,2.565
ECOLI,0,se,0.1261,0.1429,0.0671,0.0861,0.1157,0.1347,0.3127,0.1116,0.4243,0.2682,0.1514,0.1407,0.1863,0.1443,0.2876,0.3209,0.3017,0.3405
ECOLI,5,se,0.106,0.1313,0.0595,0.0757,0.1021,0.1218,0.2929,0.0962,0.3802,0.2356,0.1312,0.1349,0.1586,0.1266,0.2531,0.2869,0.2666,0.3061
ECOLI,10,se,0.0974,0.1254,0.0592,0.0741,0.0951,0.1142,0.2761,0.0922,0.3393,0.2138,0.116,0.1242,0.1414,0.1201,0.2261,0.255,0.2387,0.275
ECOLI,15,se,0.0863,0.1145,0.0461,0.0639,0.0848,0.1025,0.2572,0.0824,0.2983,0.1916,0.098,0.108,0.1256,0.1122,0.1983,0.2228,0.2155,0.2429
ECOLI,20,se,0.0955,0.1183,0.0701,0.079,0.0994,0.1092,0.2452,0.0914,0.2661,0.1805,0.1038,0.1166,0.1275,0.125,0.1801,0.206,0.204,0.2204
ECOLI,25,se,0.0682,0.0968,0.0434,0.0546,0.091,0.0902,0.2217,0.067,0.2257,0.1612,0.0844,0.1087,0.1154,0.12,0.1573,0.1722,0.178,0.186
ECOLI,30,se,0.0751,0.1009,0.058,0.0639,0.1116,0.0978,0.2101,0.0761,0.2028,0.1623,0.0955,0.1244,0.1299,0.1387,0.1552,0.1598,0.1744,0.1691
ECOLI,35,se,0.0715,0.0981,0.0619,0.0657,0.1242,0.0992,0.1952,0.0735,0.1841,0.1659,0.1019,0.1362,0.144,0.1544,0.1563,0.1497,0.174,0.1523
ECOLI,40,se,0.0674,0.0883,0.0608,0.0609,0.1356,0.0967,0.1776,0.0653,0.1722,0.1736,0.1125,0.146,0.1599,0.1699,0.1631,0.1459,0.1786,0.1399
ECOLI,45,se,0.0751,0.0825,0.0702,0.0653,0.1545,0.1029,0.1628,0.0661,0.1749,0.1905,0.1302,0.1642,0.1827,0.1905,0.1811,0.1545,0.1933,0.1404
ECOLI,50,se,0.0796,0.0751,0.0777,0.069,0.1721,0.1117,0.1471,0.0634,0.1904,0.2109,0.1484,0.1849,0.2067,0.2115,0.2039,0.1676,0.2126,0.1488
ECOLI,55,se,0.086,0.0704,0.0847,0.074,0.1902,0.1227,0.1339,0.0622,0.2174,0.2353,0.1701,0.206,0.2329,0.2342,0.2313,0.191,0.2367,0.166
ECOLI,60,se,0.09,0.0629,0.0884,0.0752,0.2103,0.1321,0.1235,0.0626,0.2493,0.2615,0.1904,0.2262,0.2594,0.2568,0.2607,0.219,0.2633,0.1885
ECOLI,65,se,0.1,0.0611,0.0932,0.0782,0.2319,0.1433,0.118,0.0679,0.2854,0.2899,0.2113,0.2475,0.2873,0.2806,0.2925,0.2491,0.2926,0.2144
ECOLI,70,se,0.1121,0.0644,0.0988,0.0824,0.2528,0.1555,0.1148,0.0733,0.3242,0.3195,0.2326,0.2692,0.3157,0.3046,0.3255,0.2801,0.3233,0.2412
ECOLI,75,se,0.122,0.0654,0.1046,0.0848,0.2727,0.1668,0.1122,0.077,0.3643,0.3494,0.2533,0.2906,0.3437,0.3282,0.3588,0.3116,0.3546,0.2684
ECOLI,80,se,0.1338,0.0697,0.1128,0.0921,0.2938,0.1789,0.1138,0.0856,0.4067,0.3809,0.2755,0.3133,0.373,0.353,0.3936,0.3451,0.3876,0.3019
ECOLI,85,se,0.1474,0.0708,0.1205,0.098,0.3143,0.1888,0.1131,0.0919,0.4496,0.4124,0.2971,0.3355,0.4019,0.3773,0.4285,0.3788,0.4208,0.3365
ECOLI,90,se,0.1578,0.0618,0.1261,0.1001,0.3331,0.197,0.1055,0.0935,0.492,0.443,0.3169,0.3562,0.4297,0.4004,0.4625,0.4116,0.4532,0.3693
ECOLI,95,se,0.1666,0.0592,0.1314,0.1045,0.3533,0.2093,0.1135,0.0969,0.5359,0.4748,0.3393,0.3787,0.4586,0.4245,0.4977,0.446,0.487,0.4016
ECOLI,100,se,0.1751,0.0727,0.1381,0.1087,0.3755,0.2291,0.135,0.1,0.5816,0.5082,0.3649,0.4036,0.4889,0.4502,0.5345,0.4823,0.5223,0.4341
ENT,0,est,1.124,1.407,1.035,1.43,1.056,1.122,1.592,1.529,0.832,1.037,0.638,1.123,1.163,1.163,1.18,1.217,1.147,1.142
ENT,5,est,1.187,1.434,1.102,1.481,1.125,1.178,1.647,1.573,0.886,1.095,0.704,1.178,1.218,1.218,1.233,1.261,1.201,1.201
ENT,10,est,1.25,1.461,1.169,1.531,1.194,1.234,1.702,1.616,0.939,1.153,0.77,1.232,1.272,1.272,1.286,1.305,1.254,1.258
ENT,15,est,1.312,1.486,1.235,1.581,1.262,1.289,1.755,1.658,0.991,1.209,0.835,1.285,1.325,1.325,1.338,1.347,1.307,1.315
ENT,20,est,1.373,1.511,1.3,1.63,1.329,1.344,1.808,1.7,1.043,1.265,0.899,1.338,1.378,1.378,1.389,1.39,1.359,1.371
ENT,25,est,1.433,1.536,1.365,1.679,1.396,1.398,1.861,1.742,1.094,1.321,0.963,1.391,1.43,1.43,1.44,1.431,1.411,1.427
ENT,30,est,1.494,1.56,1.429,1.727,1.463,1.452,1.913,1.783,1.145,1.376,1.027,1.443,1.482,1.482,1.491,1.473,1.462,1.482
ENT,35,est,1.553,1.583,1.493,1.774,1.528,1.504,1.964,1.823,1.195,1.43,1.089,1.494,1.533,1.533,1.54,1.513,1.512,1.536
ENT,40,est,1.61,1.604,1.554,1.819,1.592,1.555,2.013,1.861,1.243,1.482,1.15,1.543,1.582,1.582,1.588,1.552,1.56,1.589
ENT,45,est,1.665,1.622,1.613,1.861,1.652,1.603,2.059,1.896,1.288,1.531,1.207,1.589,1.628,1.628,1.632,1.587,1.605,1.638
ENT,50,est,1.714,1.636,1.667,1.899,1.708,1.646,2.101,1.927,1.329,1.576,1.26,1.63,1.669,1.669,1.672,1.618,1.646,1.683
ENT,55,est,1.758,1.644,1.715,1.931,1.759,1.683,2.137,1.952,1.363,1.615,1.308,1.666,1.705,1.705,1.706,1.643,1.681,1.722
ENT,60,est,1.796,1.646,1.757,1.957,1.803,1.715,2.167,1.97,1.392,1.647,1.349,1.696,1.735,1.735,1.735,1.662,1.71,1.755
ENT,65,est,1.828,1.641,1.793,1.977,1.841,1.74,2.191,1.983,1.415,1.674,1.384,1.72,1.758,1.758,1.757,1.675,1.733,1.782
ENT,70,est,1.854,1.631,1.823,1.99,1.873,1.759,2.208,1.99,1.431,1.695,1.413,1.738,1.776,1.776,1.773,1.682,1.75,1.803
ENT,75,est,1.875,1.616,1.848,1.999,1.9,1.773,2.221,1.991,1.443,1.71,1.437,1.75,1.788,1.788,1.784,1.684,1.761,1.818
ENT,80,est,1.891,1.596,1.869,2.003,1.923,1.783,2.229,1.988,1.449,1.721,1.457,1.758,1.796,1.796,1.79,1.682,1.768,1.83
ENT,85,est,1.904,1.572,1.886,2.004,1.942,1.789,2.234,1.982,1.453,1.729,1.473,1.763,1.801,1.801,1.793,1.676,1.772,1.838
ENT,90,est,1.915,1.547,1.901,2.003,1.959,1.794,2.237,1.974,1.455,1.735,1.487,1.765,1.803,1.803,1.794,1.668,1.774,1.844
ENT,95,est,1.925,1.521,1.915,2,1.975,1.797,2.238,1.964,1.455,1.739,1.5,1.767,1.804,1.804,1.794,1.658,1.775,1.848
ENT,100,est,1.934,1.494,1.928,1.997,1.99,1.799,2.239,1.954,1.455,1.743,1.512,1.767,1.805,1.805,1.794,1.649,1.775,1.852
ENT,0,se,0.1444,0.2141,0.0969,0.2228,0.1762,0.1981,0.2633,0.0967,0.2585,0.2657,0.1643,0.2901,0.3279,0.3279,0.2197,0.2309,0.167,0.1981
ENT,5,se,0.1275,0.1955,0.083,0.2039,0.1602,0.1845,0.2452,0.0819,0.2406,0.2504,0.1438,0.2728,0.3127,0.3127,0.2024,0.2121,0.1535,0.1786
ENT,10,se,0.1142,0.1791,0.0737,0.1871,0.1481,0.1749,0.2291,0.0715,0.2254,0.2381,0.1267,0.2581,0.2999,0.2999,0.1885,0.1962,0.1448,0.1621
ENT,15,se,0.104,0.1644,0.0682,0.172,0.1397,0.1688,0.2145,0.0645,0.2128,0.2285,0.1132,0.2456,0.2892,0.2892,0.1778,0.1828,0.1405,0.1485
ENT,20,se,0.0963,0.151,0.0651,0.1583,0.1344,0.1657,0.2011,0.0597,0.2024,0.2214,0.1033,0.2352,0.2804,0.2804,0.1702,0.1718,0.1396,0.1376
ENT,25,se,0.0909,0.1386,0.0635,0.1457,0.1319,0.1653,0.1887,0.0562,0.1943,0.2166,0.0971,0.2266,0.2734,0.2734,0.1657,0.163,0.1416,0.1296
ENT,30,se,0.0877,0.1271,0.0626,0.1343,0.1318,0.1673,0.1773,0.0533,0.1885,0.214,0.0949,0.22,0.268,0.268,0.1644,0.1563,0.1461,0.1247
ENT,35,se,0.0868,0.1167,0.0625,0.1242,0.134,0.1713,0.1667,0.0509,0.1851,0.2134,0.0968,0.2154,0.2642,0.2642,0.1658,0.1521,0.1526,0.123
ENT,40,se,0.0882,0.1074,0.0632,0.1157,0.1384,0.1773,0.157,0.0488,0.1841,0.2148,0.1026,0.213,0.2622,0.2622,0.1698,0.1504,0.1609,0.1244
ENT,45,se,0.0918,0.0995,0.0649,0.1087,0.145,0.185,0.1482,0.0473,0.1855,0.218,0.1116,0.2129,0.262,0.262,0.1761,0.1514,0.1708,0.1285
ENT,50,se,0.0973,0.093,0.0676,0.1033,0.1534,0.1943,0.1403,0.0466,0.1893,0.2231,0.123,0.2151,0.2634,0.2634,0.1843,0.1552,0.182,0.135
ENT,55,se,0.1043,0.0881,0.0712,0.0994,0.1635,0.2049,0.1335,0.0468,0.1954,0.2299,0.1362,0.2194,0.2665,0.2665,0.1942,0.1618,0.1944,0.1433
ENT,60,se,0.1124,0.0849,0.0758,0.0971,0.1751,0.2167,0.1278,0.0481,0.2035,0.2381,0.1506,0.2257,0.2713,0.2713,0.2056,0.1706,0.2077,0.1533
ENT,65,se,0.1216,0.0834,0.0811,0.0963,0.1878,0.2295,0.1232,0.0506,0.2133,0.2478,0.1659,0.2337,0.2775,0.2775,0.2182,0.1813,0.2218,0.1645
ENT,70,se,0.1316,0.0836,0.0874,0.0973,0.2015,0.2431,0.1197,0.0539,0.2245,0.2587,0.1818,0.2432,0.2851,0.2851,0.2318,0.1935,0.2366,0.1768
ENT,75,se,0.1425,0.0853,0.0948,0.1002,0.216,0.2576,0.1172,0.0582,0.237,0.2707,0.1983,0.2542,0.2941,0.2941,0.2463,0.2071,0.2519,0.1902
ENT,80,se,0.1546,0.0888,0.1037,0.1055,0.2313,0.2728,0.1161,0.0639,0.2509,0.2839,0.2154,0.2665,0.3045,0.3045,0.2619,0.2218,0.268,0.2049
ENT,85,se,0.1682,0.0945,0.1143,0.1137,0.2477,0.2891,0.1167,0.0716,0.2661,0.2984,0.2335,0.2804,0.3164,0.3164,0.2785,0.2379,0.285,0.2209
ENT,90,se,0.1835,0.1031,0.1273,0.1254,0.2653,0.3066,0.12,0.0821,0.283,0.3143,0.2527,0.296,0.33,0.33,0.2965,0.2556,0.303,0.2383
ENT,95,se,0.2009,0.1154,0.1431,0.1407,0.2845,0.3255,0.1273,0.0962,0.3016,0.3321,0.2733,0.3136,0.3455,0.3455,0.316,0.2751,0.3225,0.2577
ENT,100,se,0.2207,0.1319,0.1619,0.1596,0.3056,0.3464,0.1395,0.1142,0.3225,0.3518,0.2959,0.3334,0.3633,0.3633,0.3375,0.2967,0.3437,0.2791
FC,0,est,1.574,1.914,1.289,1.819,0.958,1.856,2.387,2.155,1.399,1.234,0.611,1.043,1.322,1.416,1.727,1.896,1.52,1.883
FC,5,est,1.759,2.081,1.494,1.998,1.22,2.03,2.534,2.314,1.576,1.451,0.875,1.282,1.537,1.626,1.912,2.068,1.716,2.042
FC,10,est,1.847,2.153,1.602,2.082,1.385,2.107,2.585,2.377,1.658,1.572,1.042,1.425,1.655,1.739,2,2.144,1.815,2.105
FC,15,est,1.824,2.112,1.599,2.053,1.439,2.073,2.524,2.329,1.628,1.581,1.098,1.457,1.662,1.741,1.976,2.108,1.803,2.056
FC,20,est,1.763,2.034,1.558,1.987,1.455,2.001,2.425,2.243,1.559,1.552,1.116,1.45,1.63,1.704,1.914,2.034,1.753,1.969
FC,25,est,1.868,2.122,1.683,2.087,1.637,2.095,2.493,2.323,1.658,1.69,1.301,1.611,1.765,1.834,2.019,2.127,1.869,2.049
FC,30,est,1.952,2.189,1.787,2.166,1.799,2.168,2.54,2.382,1.735,1.807,1.464,1.749,1.879,1.943,2.103,2.199,1.964,2.107
FC,35,est,2.002,2.222,1.857,2.211,1.926,2.208,2.552,2.407,1.778,1.889,1.594,1.854,1.959,2.018,2.153,2.237,2.026,2.132
FC,40,est,2.035,2.237,1.91,2.239,2.036,2.229,2.547,2.415,1.803,1.954,1.705,1.942,2.022,2.076,2.185,2.257,2.069,2.139
FC,45,est,2.08,2.266,1.975,2.279,2.158,2.264,2.555,2.435,1.842,2.032,1.83,2.042,2.097,2.146,2.23,2.29,2.126,2.159
FC,50,est,2.133,2.302,2.048,2.327,2.289,2.306,2.571,2.463,1.888,2.118,1.963,2.15,2.18,2.224,2.283,2.33,2.19,2.187
FC,55,est,2.163,2.314,2.098,2.352,2.395,2.325,2.563,2.468,1.911,2.18,2.071,2.234,2.239,2.278,2.312,2.347,2.231,2.19
FC,60,est,2.196,2.33,2.151,2.38,2.506,2.347,2.559,2.476,1.937,2.245,2.184,2.322,2.302,2.336,2.344,2.368,2.275,2.198
FC,65,est,2.255,2.372,2.23,2.434,2.642,2.395,2.58,2.51,1.989,2.337,2.322,2.436,2.391,2.42,2.403,2.415,2.345,2.232
FC,70,est,2.328,2.428,2.323,2.502,2.792,2.457,2.616,2.558,2.055,2.442,2.475,2.564,2.494,2.518,2.476,2.476,2.429,2.279
FC,75,est,2.388,2.47,2.403,2.557,2.929,2.506,2.638,2.593,2.108,2.534,2.613,2.678,2.584,2.603,2.535,2.523,2.5,2.313
FC,80,est,2.432,2.497,2.467,2.596,3.05,2.539,2.644,2.612,2.145,2.611,2.737,2.777,2.658,2.672,2.579,2.554,2.555,2.332
FC,85,est,2.457,2.506,2.513,2.616,3.153,2.554,2.632,2.612,2.164,2.669,2.841,2.857,2.713,2.722,2.604,2.567,2.592,2.332
FC,90,est,2.477,2.508,2.553,2.631,3.25,2.563,2.615,2.607,2.177,2.721,2.941,2.932,2.763,2.767,2.623,2.575,2.623,2.326
FC,95,est,2.528,2.542,2.623,2.677,3.378,2.603,2.628,2.633,2.22,2.804,3.071,3.037,2.843,2.842,2.674,2.613,2.685,2.351
FC,100,est,2.614,2.611,2.73,2.758,3.542,2.678,2.677,2.694,2.3,2.923,3.236,3.179,2.96,2.954,2.76,2.687,2.782,2.412
FC,0,se,0.1369,0.1527,0.0626,0.0843,0.1294,0.138,0.2612,0.0902,0.3914,0.2563,0.2075,0.1872,0.1807,0.2159,0.3184,0.345,0.2252,0.2529
FC,5,se,0.1186,0.1414,0.0549,0.0741,0.1125,0.1243,0.2449,0.0811,0.3547,0.2286,0.1818,0.1714,0.1564,0.1944,0.2859,0.3119,0.1959,0.2265
FC,10,se,0.1098,0.1357,0.0584,0.075,0.105,0.1178,0.2321,0.0814,0.3218,0.2105,0.161,0.1617,0.1411,0.1818,0.2579,0.2821,0.1774,0.2044
FC,15,se,0.0998,0.127,0.0544,0.0708,0.0993,0.1092,0.2176,0.0753,0.2895,0.1954,0.1401,0.1533,0.1301,0.1723,0.2296,0.2531,0.1664,0.1812
FC,20,se,0.1007,0.1248,0.0672,0.0786,0.1094,0.1105,0.207,0.0799,0.2629,0.1895,0.1302,0.1558,0.1335,0.1742,0.2074,0.2316,0.167,0.1657
FC,25,se,0.083,0.108,0.0507,0.0622,0.1098,0.0992,0.1872,0.0644,0.2337,0.1827,0.1125,0.1527,0.1371,0.1713,0.1895,0.2046,0.1595,0.1438
FC,30,se,0.0791,0.1024,0.0538,0.0625,0.1237,0.1014,0.1744,0.065,0.2164,0.1874,0.111,0.1618,0.1527,0.1806,0.1851,0.1857,0.1671,0.1346
FC,35,se,0.0754,0.0962,0.0555,0.0623,0.138,0.1038,0.1609,0.0629,0.2054,0.1964,0.1162,0.1738,0.17,0.1938,0.1874,0.1703,0.1802,0.1314
FC,40,se,0.0752,0.0898,0.0586,0.0627,0.1539,0.1072,0.1472,0.06,0.2013,0.2104,0.1295,0.1889,0.1903,0.2108,0.1966,0.1611,0.1978,0.135
FC,45,se,0.0794,0.0839,0.0642,0.0652,0.1726,0.1137,0.1353,0.0588,0.2055,0.2292,0.1485,0.2082,0.2138,0.2314,0.213,0.16,0.2192,0.1454
FC,50,se,0.0847,0.0773,0.0699,0.068,0.1918,0.1232,0.123,0.0565,0.2189,0.2513,0.1707,0.2302,0.2391,0.2542,0.2352,0.1657,0.2432,0.161
FC,55,se,0.0917,0.0708,0.0754,0.0714,0.2118,0.1347,0.1112,0.0559,0.2404,0.2762,0.1955,0.2536,0.266,0.279,0.2621,0.1799,0.2693,0.1803
FC,60,se,0.0995,0.0626,0.0778,0.073,0.2334,0.146,0.101,0.0564,0.2667,0.3027,0.2209,0.2772,0.2937,0.3048,0.2919,0.1995,0.2967,0.2014
FC,65,se,0.1139,0.0596,0.0802,0.0774,0.2572,0.1596,0.0965,0.0622,0.2974,0.3316,0.2481,0.3023,0.3229,0.3325,0.325,0.2244,0.3259,0.2252
FC,70,se,0.1319,0.0669,0.0891,0.0867,0.2822,0.1761,0.0977,0.0729,0.3317,0.3626,0.2773,0.3293,0.3538,0.362,0.3608,0.2541,0.3571,0.251
FC,75,se,0.1407,0.065,0.0938,0.0863,0.3033,0.188,0.0914,0.0712,0.365,0.392,0.3038,0.354,0.3828,0.3897,0.3953,0.2814,0.3865,0.2742
FC,80,se,0.1541,0.0718,0.1021,0.0931,0.3265,0.2024,0.0931,0.0768,0.4014,0.4235,0.3324,0.3807,0.4135,0.4193,0.4321,0.3115,0.4178,0.3026
FC,85,se,0.167,0.0753,0.1077,0.0992,0.3492,0.2155,0.0949,0.0802,0.4385,0.4549,0.3607,0.4072,0.4438,0.4487,0.4691,0.3416,0.4489,0.3316
FC,90,se,0.1771,0.0713,0.1108,0.1027,0.3708,0.2281,0.0937,0.0799,0.4755,0.4859,0.388,0.4329,0.4734,0.4776,0.5057,0.3711,0.4794,0.3593
FC,95,se,0.187,0.0644,0.1146,0.1085,0.3926,0.2423,0.0968,0.0818,0.5134,0.5174,0.4158,0.4591,0.5034,0.5069,0.5429,0.4015,0.5104,0.3869
FC,100,se,0.2132,0.0977,0.1439,0.1413,0.4227,0.2704,0.1322,0.1171,0.5579,0.5553,0.4513,0.4924,0.5397,0.5427,0.5862,0.4401,0.5477,0.4226
NH4N,0,est,-2.14,-2.056,-2.225,-2.143,-2.268,-1.995,-1.894,-2.068,-2.096,-2.205,-2.27,-2.239,-2.168,-2.181,-2.191,-2.016,-2.216,-2.206
NH4N,5,est,-2.112,-2.028,-2.197,-2.115,-2.241,-1.967,-1.867,-2.04,-2.069,-2.177,-2.242,-2.211,-2.14,-2.153,-2.164,-1.989,-2.188,-2.178
NH4N,10,est,-2.084,-2.001,-2.17,-2.087,-2.213,-1.94,-1.839,-2.011,-2.041,-2.149,-2.214,-2.183,-2.112,-2.125,-2.136,-1.961,-2.16,-2.15
NH4N,15,est,-2.056,-1.973,-2.142,-2.059,-2.185,-1.912,-1.811,-1.983,-2.013,-2.122,-2.186,-2.155,-2.084,-2.097,-2.108,-1.933,-2.132,-2.122
NH4N,20,est,-2.029,-1.945,-2.114,-2.031,-2.157,-1.884,-1.783,-1.955,-1.985,-2.094,-2.158,-2.127,-2.056,-2.069,-2.08,-1.905,-2.105,-2.094
NH4N,25,est,-2.001,-1.917,-2.087,-2.003,-2.129,-1.857,-1.755,-1.927,-1.957,-2.066,-2.13,-2.099,-2.028,-2.041,-2.052,-1.878,-2.077,-2.067
NH4N,30,est,-1.973,-1.89,-2.059,-1.975,-2.101,-1.829,-1.727,-1.899,-1.929,-2.038,-2.102,-2.071,-2,-2.013,-2.024,-1.85,-2.049,-2.039
NH4N,35,est,-1.945,-1.862,-2.031,-1.947,-2.073,-1.801,-1.699,-1.871,-1.901,-2.01,-2.074,-2.044,-1.972,-1.986,-1.996,-1.822,-2.021,-2.011
NH4N,40,est,-1.917,-1.834,-2.004,-1.919,-2.045,-1.773,-1.671,-1.843,-1.873,-1.982,-2.046,-2.016,-1.944,-1.958,-1.968,-1.794,-1.993,-1.983
NH4N,45,est,-1.889,-1.807,-1.976,-1.891,-2.017,-1.746,-1.644,-1.815,-1.846,-1.954,-2.018,-1.988,-1.917,-1.93,-1.94,-1.767,-1.965,-1.955
NH4N,50,est,-1.861,-1.779,-1.948,-1.863,-1.989,-1.718,-1.616,-1.787,-1.818,-1.926,-1.99,-1.96,-1.889,-1.902,-1.913,-1.739,-1.937,-1.927
NH4N,55,est,-1.833,-1.751,-1.921,-1.835,-1.961,-1.69,-1.588,-1.759,-1.79,-1.898,-1.962,-1.932,-1.861,-1.874,-1.885,-1.711,-1.909,-1.899
NH4N,60,est,-1.805,-1.724,-1.893,-1.807,-1.933,-1.663,-1.56,-1.731,-1.762,-1.87,-1.934,-1.904,-1.833,-1.846,-1.857,-1.683,-1.881,-1.872
NH4N,65,est,-1.777,-1.696,-1.865,-1.779,-1.906,-1.635,-1.532,-1.703,-1.734,-1.843,-1.906,-1.876,-1.805,-1.818,-1.829,-1.656,-1.853,-1.844
NH4N,70,est,-1.75,-1.668,-1.838,-1.751,-1.878,-1.607,-1.504,-1.675,-1.706,-1.815,-1.878,-1.848,-1.777,-1.79,-1.801,-1.628,-1.825,-1.816
NH4N,75,est,-1.722,-1.641,-1.81,-1.723,-1.85,-1.579,-1.476,-1.647,-1.678,-1.787,-1.85,-1.82,-1.749,-1.762,-1.773,-1.6,-1.798,-1.788
NH4N,80,est,-1.694,-1.613,-1.783,-1.695,-1.822,-1.552,-1.448,-1.619,-1.651,-1.759,-1.822,-1.792,-1.721,-1.734,-1.745,-1.572,-1.77,-1.76
NH4N,85,est,-1.666,-1.585,-1.755,-1.667,-1.794,-1.524,-1.421,-1.591,-1.623,-1.731,-1.794,-1.764,-1.694,-1.707,-1.717,-1.545,-1.742,-1.732
NH4N,90,est,-1.638,-1.557,-1.727,-1.639,-1.766,-1.496,-1.393,-1.562,-1.595,-1.703,-1.766,-1.737,-1.666,-1.679,-1.69,-1.517,-1.714,-1.705
NH4N,95,est,-1.61,-1.53,-1.7,-1.611,-1.738,-1.469,-1.365,-1.534,-1.567,-1.675,-1.738,-1.709,-1.638,-1.651,-1.662,-1.489,-1.686,-1.677
NH4N,100,est,-1.582,-1.502,-1.672,-1.583,-1.71,-1.441,-1.337,-1.506,-1.539,-1.647,-1.71,-1.681,-1.61,-1.623,-1.634,-1.461,-1.658,-1.649
NH4N,0,se,0.04771,0.05207,0.03106,0.04186,0.06394,0.06887,0.0717,0.04207,0.12008,0.11323,0.06486,0.07583,0.08911,0.08367,0.10813,0.09444,0.11951,0.0969
NH4N,5,se,0.04648,0.04976,0.02984,0.04043,0.06354,0.06817,0.06998,0.04008,0.11959,0.11284,0.06425,0.07547,0.08874,0.08337,0.10769,0.09371,0.1191,0.09628
NH4N,10,se,0.04539,0.0475,0.02885,0.03914,0.06327,0.06758,0.06834,0.0382,0.11917,0.11251,0.06377,0.07522,0.08845,0.08317,0.10732,0.09307,0.11877,0.09574
NH4N,15,se,0.04446,0.04531,0.02811,0.03803,0.06314,0.06711,0.06679,0.03643,0.11883,0.11226,0.06342,0.07508,0.08827,0.08307,0.10704,0.09252,0.11851,0.09529
NH4N,20,se,0.04371,0.0432,0.02763,0.03709,0.06314,0.06677,0.06533,0.03481,0.11855,0.11209,0.06321,0.07505,0.08818,0.08307,0.10683,0.09206,0.11832,0.09492
NH4N,25,se,0.04313,0.04117,0.02744,0.03635,0.06327,0.06654,0.06396,0.03335,0.11835,0.11199,0.06312,0.07513,0.08818,0.08318,0.1067,0.09169,0.1182,0.09465
NH4N,30,se,0.04275,0.03924,0.02754,0.03582,0.06353,0.06645,0.0627,0.03207,0.11821,0.11196,0.06317,0.07533,0.08828,0.08339,0.10665,0.0914,0.11815,0.09446
NH4N,35,se,0.04255,0.03743,0.02792,0.0355,0.06393,0.06648,0.06155,0.03099,0.11815,0.11201,0.06336,0.07564,0.08848,0.0837,0.10669,0.09121,0.11817,0.09436
NH4N,40,se,0.04255,0.03575,0.02857,0.0354,0.06445,0.06663,0.06051,0.03013,0.11816,0.11214,0.06367,0.07605,0.08877,0.0841,0.1068,0.09112,0.11827,0.09435
NH4N,45,se,0.04275,0.03423,0.02948,0.03554,0.0651,0.06691,0.0596,0.02953,0.11824,0.11235,0.06412,0.07658,0.08916,0.08461,0.10699,0.09111,0.11843,0.09444
NH4N,50,se,0.04313,0.03288,0.03063,0.03589,0.06588,0.06732,0.05882,0.02918,0.1184,0.11262,0.06469,0.07721,0.08963,0.08521,0.10726,0.0912,0.11867,0.09461
NH4N,55,se,0.04371,0.03173,0.03198,0.03646,0.06676,0.06784,0.05817,0.0291,0.11862,0.11298,0.06539,0.07795,0.0902,0.08591,0.1076,0.09138,0.11898,0.09487
NH4N,60,se,0.04446,0.0308,0.03351,0.03723,0.06777,0.06848,0.05765,0.02929,0.11892,0.1134,0.06621,0.07878,0.09086,0.08669,0.10803,0.09165,0.11936,0.09522
NH4N,65,se,0.04539,0.03011,0.0352,0.0382,0.06888,0.06924,0.05728,0.02975,0.11929,0.1139,0.06714,0.07971,0.09161,0.08757,0.10853,0.09201,0.11981,0.09565
NH4N,70,se,0.04648,0.02967,0.03703,0.03934,0.07009,0.07011,0.05705,0.03047,0.11972,0.11447,0.06819,0.08074,0.09244,0.08854,0.10911,0.09247,0.12033,0.09618
NH4N,75,se,0.04772,0.02951,0.03898,0.04066,0.0714,0.07109,0.05697,0.03142,0.12023,0.11511,0.06934,0.08186,0.09336,0.08959,0.10976,0.09301,0.12091,0.09678
NH4N,80,se,0.04909,0.02961,0.04103,0.04211,0.0728,0.07217,0.05704,0.03259,0.1208,0.11582,0.07059,0.08306,0.09436,0.09071,0.11048,0.09364,0.12156,0.09747
NH4N,85,se,0.05059,0.02999,0.04316,0.04371,0.07429,0.07334,0.05725,0.03395,0.12144,0.1166,0.07194,0.08435,0.09543,0.09192,0.11128,0.09436,0.12228,0.09824
NH4N,90,se,0.05221,0.03062,0.04537,0.04542,0.07587,0.07462,0.0576,0.03549,0.12215,0.11745,0.07338,0.08571,0.09658,0.0932,0.11214,0.09516,0.12307,0.0991
NH4N,95,se,0.05394,0.0315,0.04764,0.04724,0.07751,0.07597,0.0581,0.03717,0.12292,0.11836,0.0749,0.08715,0.09781,0.09456,0.11308,0.09604,0.12391,0.10003
NH4N,100,se,0.05576,0.0326,0.04997,0.04915,0.07924,0.07742,0.05874,0.03899,0.12376,0.11934,0.07651,0.08867,0.0991,0.09598,0.11408,0.097,0.12482,0.10103
NO3N,0,est,-1.8569,-1.3808,-1.2126,-0.9408,-1.3398,-1.1435,-0.8054,-1.4053,-1.445,-1.5697,-1.9972,-1.6061,-1.304,-1.3353,-1.1729,-0.6591,-1.2751,-1.1986
NO3N,5,est,-1.7312,-1.2766,-1.1324,-0.8686,-1.2511,-1.066,-0.7545,-1.3053,-1.3563,-1.459,-1.8457,-1.4911,-1.214,-1.2425,-1.0907,-0.6444,-1.1898,-1.1255
NO3N,10,est,-1.6219,-1.1886,-1.0685,-0.8126,-1.1786,-1.0047,-0.72,-1.2215,-1.2839,-1.3645,-1.7104,-1.3925,-1.1404,-1.166,-1.0248,-0.6459,-1.1208,-1.0686
NO3N,15,est,-1.5352,-1.1234,-1.0274,-0.7794,-1.1289,-0.9661,-0.7081,-1.1604,-1.2342,-1.2928,-1.5979,-1.3166,-1.0895,-1.1122,-0.9816,-0.6701,-1.0745,-1.0345
NO3N,20,est,-1.4413,-1.0509,-0.9789,-0.7389,-1.0719,-0.9203,-0.6889,-1.092,-1.1773,-1.2138,-1.4782,-1.2334,-1.0313,-1.0512,-0.9312,-0.6871,-1.0209,-0.9931
NO3N,25,est,-1.3161,-0.9471,-0.8991,-0.6671,-0.9835,-0.8431,-0.6384,-0.9923,-1.089,-1.1035,-1.3271,-1.1189,-0.9418,-0.9588,-0.8494,-0.6728,-0.936,-0.9203
NO3N,30,est,-1.2576,-0.91,-0.8861,-0.662,-0.962,-0.8327,-0.6547,-0.9594,-1.0675,-1.0599,-1.2427,-1.0712,-0.919,-0.9332,-0.8344,-0.7252,-0.9179,-0.9143
NO3N,35,est,-1.1973,-0.8712,-0.8714,-0.6552,-0.9386,-0.8206,-0.6693,-0.9247,-1.0442,-1.0146,-1.1567,-1.0217,-0.8945,-0.9059,-0.8176,-0.7758,-0.898,-0.9066
NO3N,40,est,-1.0704,-0.7656,-0.7899,-0.5817,-0.8486,-0.7417,-0.617,-0.8233,-0.9542,-0.9025,-1.0038,-0.9054,-0.8032,-0.8118,-0.7341,-0.7597,-0.8114,-0.8321
NO3N,45,est,-0.901,-0.6177,-0.666,-0.4658,-0.7161,-0.6204,-0.5225,-0.6795,-0.8218,-0.7481,-0.8086,-0.7468,-0.6696,-0.6753,-0.6082,-0.7013,-0.6824,-0.7153
NO3N,50,est,-0.7581,-0.4962,-0.5686,-0.3763,-0.6101,-0.5256,-0.4543,-0.5621,-0.7159,-0.6201,-0.6399,-0.6146,-0.5624,-0.5653,-0.5088,-0.6692,-0.5798,-0.6249
NO3N,55,est,-0.6457,-0.4052,-0.5016,-0.3173,-0.5346,-0.4613,-0.4167,-0.4753,-0.6405,-0.5226,-0.5016,-0.513,-0.4857,-0.4857,-0.4399,-0.6677,-0.5078,-0.565
NO3N,60,est,-0.5528,-0.3337,-0.4542,-0.2778,-0.4786,-0.4165,-0.3986,-0.408,-0.5845,-0.4446,-0.3829,-0.4308,-0.4286,-0.4257,-0.3904,-0.6857,-0.4552,-0.5246
NO3N,65,est,-0.47,-0.2723,-0.4169,-0.2485,-0.4328,-0.3818,-0.3905,-0.3507,-0.5387,-0.3768,-0.2742,-0.3588,-0.3815,-0.3758,-0.3511,-0.7139,-0.4128,-0.4943
NO3N,70,est,-0.3907,-0.2144,-0.3831,-0.2226,-0.3903,-0.3505,-0.386,-0.297,-0.4964,-0.3124,-0.1691,-0.2902,-0.3379,-0.3294,-0.3153,-0.7454,-0.3739,-0.4675
NO3N,75,est,-0.3134,-0.1585,-0.3512,-0.1987,-0.3499,-0.3213,-0.3834,-0.2452,-0.456,-0.25,-0.0659,-0.2236,-0.2963,-0.2849,-0.2814,-0.779,-0.3369,-0.4427
NO3N,80,est,-0.2288,-0.0953,-0.3121,-0.1675,-0.3022,-0.2848,-0.3736,-0.1862,-0.4084,-0.1803,0.0446,-0.1497,-0.2474,-0.2332,-0.2403,-0.8053,-0.2926,-0.4106
NO3N,85,est,-0.1298,-0.0177,-0.2586,-0.122,-0.2401,-0.2339,-0.3494,-0.1127,-0.3464,-0.0962,0.1694,-0.0615,-0.1842,-0.1671,-0.1847,-0.8172,-0.234,-0.3641
NO3N,90,est,-0.0171,0.0735,-0.1913,-0.0627,-0.1643,-0.1693,-0.3114,-0.0256,-0.2706,0.0016,0.308,0.0405,-0.1072,-0.0873,-0.1155,-0.8154,-0.1617,-0.3039
NO3N,95,est,0.1038,0.173,-0.116,0.0047,-0.0804,-0.0965,-0.2654,0.0697,-0.1868,0.1075,0.4547,0.1506,-0.0221,0.0007,-0.0381,-0.8054,-0.0812,-0.2356
NO3N,100,est,0.2257,0.2735,-0.0395,0.0732,0.0046,-0.0226,-0.2182,0.1661,-0.1018,0.2145,0.6025,0.2618,0.0642,0.0898,0.0403,-0.7944,0.0004,-0.1661
NO3N,0,se,0.1211,0.1432,0.0564,0.0823,0.1237,0.2238,0.2318,0.0917,0.3497,0.2511,0.1479,0.1339,0.1946,0.1439,0.2627,0.2695,0.2764,0.2772
NO3N,5,se,0.1075,0.1338,0.0509,0.0752,0.1098,0.2,0.2174,0.0838,0.3164,0.2265,0.13,0.1221,0.1748,0.1296,0.2361,0.2458,0.2495,0.2506
NO3N,10,se,0.097,0.126,0.0485,0.0708,0.0998,0.1792,0.2041,0.0785,0.2846,0.2049,0.115,0.1123,0.1584,0.1197,0.212,0.2234,0.2254,0.2255
NO3N,15,se,0.0856,0.1165,0.0409,0.0632,0.0908,0.1597,0.1899,0.0702,0.2534,0.1843,0.1001,0.102,0.1439,0.111,0.1884,0.2011,0.2031,0.2005
NO3N,20,se,0.0818,0.1114,0.0474,0.0645,0.0916,0.1467,0.1787,0.0695,0.2262,0.1692,0.0943,0.1011,0.1365,0.1111,0.17,0.1831,0.186,0.18
NO3N,25,se,0.0679,0.0992,0.0375,0.0544,0.0883,0.1319,0.1631,0.0579,0.1981,0.153,0.0842,0.0985,0.1264,0.1083,0.1515,0.1616,0.1666,0.1573
NO3N,30,se,0.0646,0.096,0.0419,0.0551,0.0967,0.1276,0.1523,0.0587,0.1773,0.1456,0.0859,0.1052,0.1268,0.1157,0.142,0.1466,0.1561,0.1419
NO3N,35,se,0.0663,0.0946,0.05,0.0596,0.1091,0.1304,0.1426,0.0619,0.163,0.1448,0.0939,0.1162,0.133,0.1274,0.1396,0.136,0.1522,0.1323
NO3N,40,se,0.0631,0.0846,0.0482,0.0554,0.1183,0.1346,0.1288,0.0543,0.1518,0.1458,0.1011,0.1248,0.1393,0.1373,0.1396,0.125,0.1506,0.1243
NO3N,45,se,0.0642,0.0737,0.0506,0.0542,0.1306,0.1449,0.1161,0.047,0.1493,0.153,0.1134,0.1371,0.1503,0.1502,0.147,0.1195,0.1557,0.1239
NO3N,50,se,0.0712,0.0671,0.0589,0.0591,0.1465,0.1614,0.107,0.0469,0.158,0.1668,0.1305,0.1534,0.1662,0.1668,0.162,0.1217,0.1682,0.1326
NO3N,55,se,0.0786,0.0612,0.0655,0.0636,0.1631,0.1806,0.099,0.0478,0.1743,0.1841,0.1486,0.1703,0.184,0.1843,0.1809,0.129,0.1849,0.1467
NO3N,60,se,0.0865,0.0557,0.0704,0.0672,0.1804,0.2017,0.0926,0.0498,0.196,0.2039,0.167,0.1875,0.2032,0.2023,0.2026,0.1404,0.2045,0.1644
NO3N,65,se,0.096,0.0526,0.0746,0.0708,0.1983,0.2243,0.0884,0.053,0.2215,0.2256,0.1857,0.2051,0.2235,0.221,0.2264,0.1552,0.2266,0.1849
NO3N,70,se,0.1068,0.0518,0.0791,0.0747,0.2165,0.2479,0.0859,0.0566,0.2497,0.2488,0.2047,0.223,0.2446,0.24,0.2516,0.1727,0.2505,0.2072
NO3N,75,se,0.1181,0.0516,0.0838,0.0789,0.2346,0.2723,0.0842,0.0598,0.2797,0.2729,0.2238,0.241,0.2663,0.2594,0.2779,0.1921,0.2756,0.2309
NO3N,80,se,0.1297,0.0509,0.0885,0.0836,0.2528,0.2971,0.083,0.063,0.3109,0.2978,0.243,0.2592,0.2885,0.2789,0.3049,0.2127,0.3016,0.2562
NO3N,85,se,0.1425,0.0505,0.0945,0.0894,0.2712,0.3227,0.0827,0.0672,0.3433,0.3235,0.2625,0.2778,0.3112,0.2988,0.3326,0.2349,0.3285,0.2828
NO3N,90,se,0.1587,0.0584,0.1061,0.1005,0.2914,0.3499,0.0884,0.0784,0.3777,0.3511,0.2839,0.2982,0.3357,0.3205,0.3622,0.2602,0.3574,0.3116
NO3N,95,se,0.1683,0.0573,0.1099,0.104,0.3094,0.3755,0.0947,0.0797,0.411,0.3771,0.304,0.3168,0.3583,0.3401,0.3903,0.2821,0.3848,0.3378
NO3N,100,se,0.1773,0.0669,0.1149,0.1095,0.3286,0.4022,0.1129,0.0839,0.4455,0.4042,0.3261,0.3369,0.3821,0.3607,0.4195,0.3041,0.4133,0.3643
Q,0,est,0.5706,-0.1879,0.4388,-0.2928,0.2444,-0.0835,-0.8078,-0.0816,0.3823,0.3823,1.42,0.9833,0.8235,1.1333,0.5101,0.743,0.2996,0.4031
Q,5,est,1.1719,0.4187,1.0583,0.361,0.8531,0.517,-0.2053,0.5219,0.9913,0.9913,2.0222,1.5952,1.4273,1.7327,1.1181,1.3518,0.9095,1.0083
Q,10,est,1.3374,0.5896,1.2422,0.579,1.026,0.6817,-0.0385,0.6896,1.1647,1.1647,2.1886,1.7714,1.5955,1.8963,1.2903,1.525,1.0837,1.1777
Q,15,est,1.1821,0.4396,1.1053,0.4763,0.8782,0.5257,-0.1926,0.5366,1.0173,1.0173,2.0343,1.6268,1.4428,1.7392,1.1417,1.3773,0.9371,1.0264
Q,20,est,0.6202,-0.1169,0.5617,-0.033,0.3238,-0.0369,-0.7532,-0.023,0.4633,0.4633,1.4733,1.0756,0.8835,1.1755,0.5865,0.8231,0.384,0.4684
Q,25,est,0.6717,-0.06,0.6316,0.071,0.3827,0.0139,-0.7004,0.0308,0.5227,0.5227,1.5258,1.1378,0.9376,1.2252,0.6447,0.8822,0.4442,0.5239
Q,30,est,0.8819,0.1555,0.8601,0.3338,0.6003,0.2233,-0.489,0.2432,0.7407,0.7407,1.7369,1.3587,1.1504,1.4335,0.8616,1.1,0.6631,0.738
Q,35,est,0.9162,0.1951,0.9128,0.4206,0.6421,0.2568,-0.4534,0.2797,0.7829,0.7829,1.7721,1.4036,1.1873,1.466,0.9026,1.142,0.7061,0.7763
Q,40,est,0.7628,0.0471,0.7778,0.3198,0.4961,0.1027,-0.6056,0.1286,0.6374,0.6374,1.6197,1.261,1.0366,1.3107,0.7559,0.9962,0.5614,0.6268
Q,45,est,0.9397,0.2294,0.973,0.5493,0.6805,0.2789,-0.4274,0.3078,0.8221,0.8221,1.7975,1.4485,1.2161,1.4858,0.9395,1.1808,0.747,0.8077
Q,50,est,1.1651,0.4602,1.2168,0.8273,0.9133,0.5036,-0.2007,0.5355,1.0554,1.0554,2.0239,1.6847,1.4442,1.7094,1.1716,1.4139,0.9811,1.0371
Q,55,est,0.8478,0.1482,0.9179,0.5625,0.6035,0.1855,-0.5168,0.2204,0.746,0.746,1.7075,1.378,1.1295,1.3902,0.861,1.1042,0.6725,0.7237
Q,60,est,0.6304,-0.0638,0.7188,0.3976,0.3935,-0.0326,-0.7329,0.0052,0.5364,0.5364,1.491,1.1713,0.9147,1.171,0.6503,0.8944,0.4638,0.5102
Q,65,est,0.7114,0.0225,0.8181,0.5312,0.4819,0.0476,-0.6507,0.0885,0.6253,0.6253,1.5729,1.263,0.9982,1.2501,0.738,0.983,0.5535,0.5952
Q,70,est,0.8839,0.2003,1.009,0.7562,0.6618,0.2194,-0.4769,0.2632,0.8056,0.8056,1.7464,1.4462,1.1734,1.4208,0.9172,1.1631,0.7347,0.7716
Q,75,est,0.8041,0.1259,0.9475,0.729,0.5895,0.1388,-0.5555,0.1857,0.7337,0.7337,1.6675,1.377,1.0962,1.3391,0.8441,1.091,0.6636,0.6957
Q,80,est,0.6843,0.0114,0.8461,0.6617,0.4771,0.0183,-0.674,0.0681,0.6218,0.6218,1.5486,1.2679,0.979,1.2175,0.731,0.9788,0.5525,0.5799
Q,85,est,0.7796,0.1121,0.9597,0.8096,0.5798,0.1129,-0.5775,0.1657,0.7249,0.7249,1.6449,1.3739,1.0769,1.311,0.8329,1.0817,0.6565,0.6791
Q,90,est,0.8632,0.2011,1.0617,0.9457,0.6709,0.1957,-0.4926,0.2515,0.8164,0.8164,1.7294,1.4682,1.1631,1.3927,0.9233,1.173,0.7488,0.7667
Q,95,est,0.742,0.0853,0.9589,0.8772,0.5572,0.0739,-0.6125,0.1326,0.7031,0.7031,1.6092,1.3578,1.0446,1.2697,0.8088,1.0595,0.6363,0.6495
Q,100,est,0.3885,-0.2629,0.6238,0.5762,0.2111,-0.2804,-0.9647,-0.2186,0.3575,0.3575,1.2566,1.015,0.6937,0.9144,0.462,0.7136,0.2915,0.3
Q,0,se,0.3713,0.3384,0.2,0.2646,0.2391,0.275,0.5859,0.2885,0.7156,0.7156,0.2698,0.2579,0.3256,0.3479,0.4652,0.4274,0.547,0.4499
Q,5,se,0.3399,0.31,0.1542,0.2305,0.2262,0.2459,0.5648,0.2461,0.701,0.701,0.2333,0.2881,0.2867,0.3499,0.4539,0.4059,0.524,0.4246
Q,10,se,0.3238,0.2979,0.1465,0.2291,0.2303,0.2384,0.5538,0.2396,0.694,0.694,0.2264,0.286,0.2747,0.3592,0.4568,0.3921,0.5105,0.4133
Q,15,se,0.2978,0.278,0.1372,0.2131,0.2226,0.226,0.5399,0.2219,0.6847,0.6847,0.2179,0.261,0.2748,0.3488,0.4462,0.3742,0.5107,0.3954
Q,20,se,0.2932,0.2712,0.1736,0.2151,0.2213,0.2338,0.5353,0.2233,0.6829,0.6829,0.2318,0.2633,0.2991,0.3491,0.422,0.3976,0.5215,0.3818
Q,25,se,0.2967,0.2658,0.178,0.2152,0.2469,0.2411,0.5334,0.2146,0.6836,0.6836,0.2504,0.2873,0.3184,0.3648,0.4381,0.406,0.5246,0.3719
Q,30,se,0.2853,0.2527,0.1743,0.2007,0.2649,0.2409,0.5291,0.196,0.6822,0.6822,0.2527,0.3069,0.3239,0.3783,0.4537,0.4036,0.5239,0.3759
Q,35,se,0.2511,0.2292,0.1643,0.1853,0.2626,0.229,0.5202,0.1751,0.6759,0.6759,0.237,0.3103,0.3175,0.3837,0.4474,0.3895,0.5187,0.3676
Q,40,se,0.2316,0.2111,0.1627,0.1784,0.2613,0.2159,0.5149,0.1656,0.6712,0.6712,0.2421,0.2928,0.3148,0.3912,0.4373,0.3839,0.5165,0.3488
Q,45,se,0.2472,0.2052,0.1865,0.1871,0.2882,0.2234,0.514,0.1788,0.6764,0.6764,0.2669,0.3213,0.3372,0.4129,0.4479,0.4049,0.5276,0.3452
Q,50,se,0.2545,0.1912,0.2026,0.1862,0.3128,0.235,0.5076,0.1803,0.6814,0.6814,0.2855,0.3534,0.3607,0.4321,0.4619,0.4194,0.5387,0.3493
Q,55,se,0.2364,0.1747,0.1889,0.1651,0.3133,0.2301,0.512,0.1445,0.68,0.68,0.2877,0.352,0.3695,0.4384,0.4658,0.4179,0.5411,0.345
Q,60,se,0.2374,0.1759,0.2136,0.1805,0.348,0.2475,0.5298,0.1666,0.6898,0.6898,0.3133,0.3747,0.3966,0.4632,0.484,0.4362,0.5572,0.3643
Q,65,se,0.2681,0.2015,0.2642,0.2225,0.3941,0.2853,0.5506,0.2207,0.7085,0.7085,0.3566,0.4158,0.4371,0.5007,0.5138,0.4695,0.584,0.3945
Q,70,se,0.2836,0.2003,0.2852,0.2313,0.4147,0.2977,0.5572,0.2268,0.7178,0.7178,0.3785,0.4387,0.46,0.5227,0.5297,0.4878,0.5988,0.4014
Q,75,se,0.2756,0.1553,0.261,0.1952,0.4095,0.2785,0.5465,0.179,0.7139,0.7139,0.3745,0.4392,0.4614,0.5255,0.5275,0.4862,0.5975,0.3805
Q,80,se,0.2916,0.1784,0.2726,0.2167,0.4371,0.2991,0.5617,0.211,0.7281,0.7281,0.4032,0.4672,0.49,0.5522,0.5498,0.5103,0.6176,0.4073
Q,85,se,0.3451,0.2423,0.3314,0.2592,0.488,0.3422,0.5968,0.2819,0.7568,0.7568,0.4543,0.5147,0.5383,0.5967,0.5904,0.5534,0.6543,0.4561
Q,90,se,0.3608,0.2422,0.3491,0.2538,0.5097,0.3501,0.6097,0.2884,0.7684,0.7684,0.4741,0.5349,0.5607,0.6181,0.6082,0.5718,0.6707,0.4675
Q,95,se,0.3397,0.1777,0.3283,0.2352,0.5098,0.3331,0.6051,0.2452,0.7662,0.7662,0.4705,0.5345,0.5638,0.622,0.6083,0.5713,0.6712,0.4529
Q,100,se,0.452,0.3254,0.4434,0.3932,0.6054,0.4669,0.6837,0.3747,0.8311,0.8311,0.5696,0.6259,0.6545,0.7063,0.6908,0.6579,0.7472,0.5455
SS,0,est,-0.0084,-0.0774,0.0199,-0.1189,0.1968,0.1024,0.5143,0.4787,0.1418,0.2764,0.3061,0.347,0.1861,0.483,0.2034,0.4211,0.2532,0.4802
SS,5,est,0.0885,0.022,0.1424,-0.008,0.2926,0.2002,0.5894,0.5541,0.2362,0.3697,0.3946,0.4423,0.2823,0.5638,0.3,0.5151,0.3492,0.5571
SS,10,est,0.1804,0.1164,0.2599,0.0978,0.3834,0.293,0.6595,0.6244,0.3255,0.458,0.478,0.5325,0.3734,0.6396,0.3917,0.604,0.4402,0.6289
SS,15,est,0.2631,0.2015,0.3681,0.1944,0.465,0.3765,0.7204,0.6855,0.4056,0.537,0.5522,0.6135,0.4553,0.7062,0.4741,0.6837,0.522,0.6915
SS,20,est,0.3374,0.2782,0.4679,0.2825,0.5382,0.4516,0.7728,0.7382,0.4773,0.6077,0.618,0.6862,0.5288,0.7644,0.5481,0.7551,0.5953,0.7456
SS,25,est,0.4026,0.3458,0.5586,0.3617,0.6023,0.5176,0.8162,0.7818,0.54,0.6693,0.6748,0.7497,0.5933,0.8135,0.613,0.8173,0.6596,0.7907
SS,30,est,0.4571,0.4028,0.6387,0.4301,0.6557,0.573,0.8489,0.8148,0.5919,0.7202,0.7209,0.8026,0.6471,0.8519,0.6673,0.8689,0.7132,0.8252
SS,35,est,0.4983,0.4465,0.7055,0.4852,0.6958,0.615,0.8683,0.8345,0.6306,0.7578,0.7537,0.8422,0.6876,0.8771,0.7083,0.9072,0.7535,0.8463
SS,40,est,0.5243,0.4749,0.757,0.5251,0.7207,0.6419,0.8725,0.8389,0.6541,0.7802,0.7712,0.8665,0.7128,0.887,0.734,0.9302,0.7786,0.8522
SS,45,est,0.5374,0.4904,0.7957,0.5521,0.7327,0.6558,0.8637,0.8304,0.6646,0.7897,0.7758,0.8779,0.7251,0.8839,0.7468,0.9403,0.7908,0.8452
SS,50,est,0.5397,0.4952,0.8235,0.5683,0.7339,0.6589,0.8442,0.8112,0.6643,0.7884,0.7697,0.8786,0.7267,0.8702,0.7489,0.9397,0.7922,0.8274
SS,55,est,0.5322,0.4902,0.8416,0.5748,0.7253,0.6523,0.8149,0.7822,0.6543,0.7773,0.7538,0.8695,0.7185,0.8466,0.7412,0.9293,0.7838,0.7998
SS,60,est,0.5221,0.4825,0.857,0.5786,0.7141,0.643,0.783,0.7505,0.6416,0.7636,0.7352,0.8577,0.7076,0.8204,0.7308,0.9162,0.7727,0.7696
SS,65,est,0.5169,0.4798,0.8774,0.5874,0.7078,0.6387,0.756,0.7237,0.6339,0.7548,0.7216,0.8509,0.7017,0.7991,0.7254,0.9081,0.7667,0.7443
SS,70,est,0.5181,0.4834,0.9042,0.6025,0.7079,0.6407,0.7354,0.7034,0.6325,0.7524,0.7143,0.8505,0.7021,0.7842,0.7263,0.9063,0.767,0.7254
SS,75,est,0.5223,0.49,0.9339,0.6206,0.711,0.6458,0.7178,0.686,0.6342,0.753,0.7101,0.853,0.7056,0.7723,0.7302,0.9076,0.7702,0.7095
SS,80,est,0.5279,0.4981,0.9651,0.6401,0.7155,0.6523,0.7016,0.6701,0.6372,0.755,0.7073,0.857,0.7104,0.7619,0.7356,0.9103,0.775,0.6951
SS,85,est,0.532,0.5046,0.9947,0.6581,0.7185,0.6572,0.6838,0.6526,0.6387,0.7554,0.7029,0.8594,0.7137,0.7499,0.7394,0.9114,0.7781,0.679
SS,90,est,0.5338,0.5088,1.022,0.6738,0.7192,0.6598,0.6638,0.6328,0.6379,0.7536,0.6962,0.8595,0.7148,0.7355,0.7409,0.9102,0.779,0.6607
SS,95,est,0.6103,0.5878,1.1241,0.7642,0.7946,0.7371,0.7184,0.6877,0.7119,0.8265,0.7642,0.9344,0.7905,0.7959,0.8172,0.9838,0.8546,0.7171
SS,100,est,0.7655,0.7454,1.3048,0.9333,0.9487,0.8931,0.8518,0.8214,0.8645,0.9781,0.911,1.0879,0.945,0.9351,0.9721,1.136,1.0088,0.8522
SS,0,se,0.1135,0.1599,0.0716,0.1094,0.1994,0.205,0.216,0.1116,0.243,0.1924,0.2007,0.1772,0.1998,0.1891,0.2029,0.2295,0.1716,0.197
SS,5,se,0.0959,0.1453,0.0593,0.0958,0.1866,0.1882,0.1997,0.0974,0.2242,0.177,0.1821,0.1646,0.1869,0.1743,0.1858,0.2108,0.1556,0.178
SS,10,se,0.0851,0.1349,0.0563,0.0886,0.1781,0.1758,0.1866,0.089,0.209,0.1665,0.1678,0.1564,0.1783,0.1645,0.1732,0.1956,0.1452,0.1632
SS,15,se,0.0782,0.1261,0.0566,0.0843,0.1718,0.166,0.1748,0.0826,0.196,0.1591,0.1563,0.1507,0.1719,0.1579,0.1636,0.1827,0.1388,0.151
SS,20,se,0.073,0.1175,0.0568,0.0807,0.1668,0.158,0.1633,0.0767,0.1844,0.1538,0.1466,0.1462,0.1668,0.1534,0.1561,0.1713,0.1348,0.141
SS,25,se,0.0686,0.1088,0.0562,0.0774,0.1629,0.152,0.152,0.0708,0.1745,0.1504,0.1389,0.1429,0.1629,0.1504,0.1511,0.1613,0.1328,0.1333
SS,30,se,0.0651,0.1003,0.0556,0.0748,0.1606,0.1484,0.1411,0.0654,0.1667,0.1488,0.1334,0.1412,0.1605,0.1492,0.1484,0.1527,0.133,0.1282
SS,35,se,0.0629,0.0921,0.0561,0.0735,0.1602,0.1476,0.1309,0.0611,0.1612,0.1494,0.1307,0.1414,0.1601,0.15,0.1481,0.146,0.1355,0.126
SS,40,se,0.0625,0.0844,0.0585,0.0738,0.1619,0.1493,0.1215,0.0581,0.1582,0.1521,0.1315,0.1439,0.1618,0.153,0.1502,0.1417,0.1402,0.1266
SS,45,se,0.0639,0.0769,0.0625,0.0754,0.1658,0.1534,0.1131,0.0566,0.158,0.157,0.1354,0.1489,0.1657,0.158,0.1546,0.1399,0.1469,0.1297
SS,50,se,0.067,0.0697,0.0676,0.078,0.1715,0.1595,0.1057,0.0564,0.1605,0.1638,0.1421,0.1559,0.1714,0.1648,0.161,0.1404,0.1553,0.1348
SS,55,se,0.0718,0.0627,0.0732,0.0813,0.179,0.1675,0.0993,0.058,0.1657,0.1722,0.1509,0.1646,0.1789,0.1733,0.1691,0.1432,0.1652,0.1416
SS,60,se,0.0784,0.0567,0.0793,0.0853,0.188,0.1772,0.0938,0.0614,0.1732,0.1821,0.1614,0.1748,0.1879,0.1833,0.1789,0.1483,0.1764,0.1501
SS,65,se,0.0868,0.0526,0.0858,0.0898,0.1984,0.1884,0.0894,0.0661,0.1828,0.1934,0.1735,0.1862,0.1983,0.1946,0.1902,0.1558,0.1887,0.1601
SS,70,se,0.0965,0.0504,0.0929,0.0946,0.2099,0.2008,0.0857,0.0714,0.1941,0.2058,0.1868,0.1985,0.2099,0.2069,0.2027,0.1656,0.2019,0.1714
SS,75,se,0.107,0.0489,0.1006,0.1001,0.2225,0.2142,0.0824,0.0768,0.2068,0.2191,0.201,0.2117,0.2224,0.2201,0.2162,0.1773,0.2159,0.184
SS,80,se,0.1187,0.0485,0.1093,0.1072,0.2361,0.2288,0.08,0.0831,0.221,0.2334,0.2163,0.2258,0.236,0.2344,0.2309,0.1909,0.2308,0.1981
SS,85,se,0.1327,0.0519,0.1204,0.1172,0.2513,0.2451,0.0809,0.0921,0.2371,0.2493,0.2333,0.2414,0.2513,0.2502,0.2471,0.2066,0.2471,0.2142
SS,90,se,0.1504,0.0636,0.1356,0.132,0.2691,0.2639,0.0886,0.1062,0.256,0.2677,0.2528,0.2595,0.269,0.2684,0.2659,0.2255,0.2658,0.2332
SS,95,se,0.1524,0.057,0.1358,0.1351,0.2812,0.2769,0.0905,0.1056,0.2689,0.2804,0.266,0.2713,0.2812,0.281,0.279,0.2363,0.2787,0.2451
SS,100,se,0.151,0.0689,0.1346,0.141,0.2946,0.2914,0.1091,0.1095,0.2833,0.2944,0.2804,0.2842,0.2946,0.2949,0.2935,0.2477,0.2928,0.2583
TEMP,0,est,0.992,1.021,1.03,1.02,1.024,1.112,1.089,1.159,1.059,1.002,1.074,0.97,1.076,0.995,1.088,1.136,1.107,1.104
TEMP,5,est,0.998,1.026,1.035,1.027,1.031,1.113,1.091,1.164,1.065,1.009,1.084,0.981,1.082,1.003,1.093,1.14,1.112,1.109
TEMP,10,est,1.003,1.028,1.039,1.033,1.036,1.113,1.092,1.167,1.069,1.014,1.091,0.99,1.086,1.01,1.096,1.142,1.115,1.113
TEMP,15,est,1.004,1.027,1.04,1.035,1.038,1.109,1.089,1.167,1.07,1.016,1.095,0.996,1.087,1.013,1.096,1.141,1.115,1.113
TEMP,20,est,1.002,1.023,1.038,1.034,1.037,1.102,1.083,1.164,1.067,1.015,1.096,0.999,1.084,1.013,1.093,1.137,1.112,1.11
TEMP,25,est,1.01,1.03,1.046,1.043,1.046,1.106,1.088,1.172,1.075,1.025,1.108,1.012,1.092,1.024,1.101,1.143,1.119,1.118
TEMP,30,est,1.021,1.039,1.056,1.055,1.058,1.112,1.095,1.182,1.086,1.036,1.122,1.028,1.103,1.037,1.111,1.152,1.128,1.128
TEMP,35,est,1.029,1.046,1.064,1.065,1.068,1.115,1.1,1.189,1.094,1.046,1.134,1.041,1.111,1.048,1.118,1.159,1.136,1.136
TEMP,40,est,1.035,1.049,1.07,1.072,1.074,1.116,1.102,1.194,1.1,1.053,1.143,1.052,1.117,1.056,1.123,1.162,1.14,1.141
TEMP,45,est,1.033,1.046,1.067,1.071,1.073,1.109,1.096,1.191,1.098,1.052,1.144,1.055,1.114,1.056,1.12,1.158,1.137,1.138
TEMP,50,est,1.028,1.039,1.062,1.067,1.069,1.1,1.087,1.185,1.092,1.048,1.142,1.055,1.109,1.053,1.113,1.151,1.131,1.132
TEMP,55,est,1.026,1.035,1.059,1.066,1.068,1.093,1.082,1.182,1.09,1.046,1.143,1.057,1.107,1.053,1.11,1.147,1.127,1.13
TEMP,60,est,1.028,1.034,1.061,1.068,1.071,1.09,1.08,1.182,1.092,1.049,1.148,1.064,1.108,1.057,1.111,1.147,1.128,1.131
TEMP,65,est,1.033,1.038,1.065,1.074,1.077,1.09,1.081,1.186,1.096,1.055,1.156,1.074,1.113,1.064,1.115,1.149,1.131,1.135
TEMP,70,est,1.04,1.043,1.072,1.082,1.085,1.092,1.084,1.193,1.103,1.063,1.166,1.086,1.12,1.074,1.121,1.154,1.137,1.141
TEMP,75,est,1.047,1.048,1.079,1.091,1.093,1.095,1.088,1.199,1.11,1.072,1.177,1.098,1.127,1.083,1.127,1.16,1.143,1.148
TEMP,80,est,1.054,1.053,1.085,1.099,1.101,1.096,1.091,1.205,1.117,1.079,1.187,1.11,1.133,1.092,1.133,1.164,1.149,1.154
TEMP,85,est,1.06,1.058,1.091,1.106,1.108,1.098,1.093,1.21,1.123,1.086,1.196,1.121,1.139,1.101,1.138,1.168,1.154,1.159
TEMP,90,est,1.067,1.062,1.097,1.113,1.115,1.099,1.096,1.215,1.129,1.094,1.205,1.132,1.145,1.109,1.143,1.173,1.159,1.165
TEMP,95,est,1.068,1.061,1.098,1.115,1.118,1.096,1.093,1.215,1.13,1.096,1.21,1.138,1.146,1.113,1.143,1.172,1.159,1.165
TEMP,100,est,1.063,1.055,1.093,1.112,1.114,1.086,1.085,1.21,1.125,1.093,1.208,1.139,1.141,1.11,1.138,1.165,1.153,1.16
TEMP,0,se,0.02075,0.02407,0.0109,0.01438,0.01903,0.02103,0.04847,0.02062,0.06505,0.04804,0.02119,0.01787,0.02451,0.01971,0.04594,0.04731,0.03456,0.03814
TEMP,5,se,0.01867,0.02233,0.00948,0.01287,0.01743,0.01937,0.0459,0.01879,0.06291,0.04603,0.01938,0.01674,0.02218,0.01848,0.04408,0.04529,0.03249,0.0355
TEMP,10,se,0.01731,0.0211,0.00931,0.01238,0.0168,0.0184,0.04358,0.01761,0.06115,0.0445,0.01852,0.01646,0.02097,0.01857,0.04288,0.0438,0.03127,0.03339
TEMP,15,se,0.01564,0.01954,0.00845,0.0115,0.01608,0.01724,0.04107,0.016,0.05948,0.04304,0.01779,0.01611,0.02025,0.01896,0.04193,0.04253,0.0304,0.03126
TEMP,20,se,0.0144,0.01821,0.00832,0.01118,0.01606,0.01657,0.03864,0.01471,0.05813,0.04201,0.01794,0.01672,0.02057,0.02022,0.04144,0.04184,0.03014,0.02957
TEMP,25,se,0.01286,0.01708,0.00756,0.0101,0.01667,0.01571,0.03604,0.01322,0.05694,0.0414,0.01844,0.01766,0.02137,0.02167,0.04108,0.04131,0.02995,0.02804
TEMP,30,se,0.01228,0.01666,0.00829,0.01006,0.01833,0.01566,0.03387,0.01282,0.05618,0.04133,0.01987,0.01948,0.02303,0.02395,0.04127,0.0413,0.03055,0.02733
TEMP,35,se,0.0118,0.01615,0.00899,0.01008,0.02003,0.01557,0.03178,0.01271,0.05562,0.04145,0.02147,0.02125,0.02482,0.02637,0.04171,0.04152,0.03153,0.02717
TEMP,40,se,0.0121,0.016,0.01037,0.01082,0.02211,0.0159,0.02996,0.01342,0.05542,0.04197,0.02356,0.02324,0.02704,0.02914,0.04257,0.04215,0.03304,0.0278
TEMP,45,se,0.01118,0.01375,0.01007,0.00996,0.0236,0.01567,0.02762,0.01243,0.05516,0.04238,0.02517,0.02523,0.02891,0.03148,0.04332,0.04269,0.03431,0.02811
TEMP,50,se,0.01096,0.01128,0.01057,0.0098,0.02557,0.0164,0.0256,0.01169,0.0553,0.04328,0.02734,0.02797,0.03133,0.0342,0.04452,0.04372,0.03608,0.02902
TEMP,55,se,0.01185,0.00999,0.01217,0.01078,0.02814,0.01794,0.02421,0.01224,0.05593,0.04478,0.03014,0.031,0.03432,0.03735,0.04624,0.04531,0.03842,0.0308
TEMP,60,se,0.01279,0.00908,0.01355,0.01158,0.03083,0.01944,0.02301,0.01315,0.05682,0.04655,0.03297,0.03387,0.03743,0.04052,0.04817,0.04715,0.04093,0.03295
TEMP,65,se,0.01392,0.00858,0.01466,0.01213,0.03355,0.02083,0.02197,0.01431,0.05792,0.04853,0.03577,0.0366,0.04059,0.04369,0.05026,0.04918,0.04356,0.0353
TEMP,70,se,0.01528,0.00854,0.01562,0.01256,0.03626,0.02217,0.02113,0.01566,0.05924,0.0507,0.03856,0.03927,0.04378,0.04685,0.0525,0.05138,0.04629,0.03782
TEMP,75,se,0.01676,0.00855,0.01643,0.01296,0.03891,0.02338,0.02044,0.01714,0.06075,0.053,0.0413,0.04189,0.04699,0.05001,0.05485,0.0537,0.04908,0.04042
TEMP,80,se,0.01835,0.00826,0.0172,0.0135,0.04153,0.02446,0.0199,0.01881,0.06243,0.05544,0.04403,0.04449,0.05021,0.05315,0.0573,0.05615,0.05195,0.04312
TEMP,85,se,0.02021,0.0078,0.01836,0.01439,0.0442,0.02551,0.01966,0.0207,0.06433,0.05805,0.04682,0.04716,0.0535,0.05636,0.05991,0.05876,0.05492,0.04596
TEMP,90,se,0.02283,0.00879,0.0205,0.01638,0.04718,0.0271,0.02045,0.02325,0.06662,0.06101,0.04993,0.05014,0.05707,0.05983,0.06285,0.06173,0.05822,0.0492
TEMP,95,se,0.02414,0.00842,0.02158,0.01704,0.04988,0.02876,0.02123,0.02441,0.06884,0.06382,0.05285,0.05305,0.06037,0.06306,0.06564,0.06453,0.06132,0.05229
TEMP,100,se,0.02495,0.00963,0.02245,0.01744,0.05273,0.03126,0.0228,0.02499,0.07127,0.06676,0.05597,0.05629,0.06372,0.06636,0.06857,0.06748,0.06454,0.0556
TN,0,est,-0.9787,-0.685,-0.7833,-0.5656,-0.9815,-0.8115,-0.4304,-0.7487,-0.8545,-0.9406,-1.0967,-1.1288,-0.8468,-1.078,-0.733,-0.5845,-0.8252,-0.7863
TN,5,est,-0.9158,-0.6328,-0.7362,-0.5263,-0.9201,-0.757,-0.4001,-0.698,-0.8,-0.8781,-1.0178,-1.0561,-0.7899,-1.0051,-0.6811,-0.5442,-0.7707,-0.744
TN,10,est,-0.8529,-0.5807,-0.6891,-0.4871,-0.8586,-0.7025,-0.3698,-0.6472,-0.7455,-0.8156,-0.9389,-0.9834,-0.7331,-0.9321,-0.6293,-0.5039,-0.7162,-0.7016
TN,15,est,-0.7901,-0.5285,-0.642,-0.4479,-0.7972,-0.6481,-0.3396,-0.5965,-0.691,-0.7531,-0.86,-0.9108,-0.6762,-0.8593,-0.5775,-0.4636,-0.6617,-0.6594
TN,20,est,-0.7273,-0.4764,-0.595,-0.4087,-0.7358,-0.5937,-0.3093,-0.5458,-0.6366,-0.6906,-0.7812,-0.8381,-0.6194,-0.7864,-0.5257,-0.4234,-0.6072,-0.6171
TN,25,est,-0.6647,-0.4245,-0.5482,-0.3698,-0.6747,-0.5396,-0.2794,-0.4953,-0.5824,-0.6284,-0.7026,-0.7658,-0.5629,-0.7138,-0.4742,-0.3834,-0.553,-0.5751
TN,30,est,-0.6012,-0.3717,-0.5004,-0.3299,-0.6126,-0.4844,-0.2484,-0.4439,-0.5272,-0.5652,-0.623,-0.6924,-0.5053,-0.6402,-0.4217,-0.3424,-0.4978,-0.5321
TN,35,est,-0.5375,-0.3187,-0.4526,-0.2899,-0.5504,-0.4292,-0.2174,-0.3924,-0.472,-0.502,-0.5434,-0.6189,-0.4477,-0.5665,-0.3691,-0.3014,-0.4425,-0.489
TN,40,est,-0.4745,-0.2665,-0.4054,-0.2505,-0.4888,-0.3747,-0.187,-0.3415,-0.4173,-0.4394,-0.4644,-0.5462,-0.3907,-0.4935,-0.3172,-0.261,-0.3879,-0.4466
TN,45,est,-0.4122,-0.2148,-0.3588,-0.2118,-0.4279,-0.3207,-0.1573,-0.2913,-0.3634,-0.3774,-0.386,-0.474,-0.3344,-0.4211,-0.2659,-0.2212,-0.3339,-0.4047
TN,50,est,-0.3499,-0.1633,-0.3123,-0.1732,-0.3671,-0.2669,-0.1276,-0.2412,-0.3095,-0.3155,-0.3077,-0.4019,-0.2782,-0.3488,-0.2147,-0.1816,-0.28,-0.3631
TN,55,est,-0.2878,-0.1118,-0.266,-0.1347,-0.3064,-0.2132,-0.0981,-0.1911,-0.2557,-0.2537,-0.2296,-0.33,-0.222,-0.2766,-0.1635,-0.142,-0.2262,-0.3214
TN,60,est,-0.2256,-0.0603,-0.2195,-0.0961,-0.2456,-0.1594,-0.0684,-0.141,-0.2019,-0.1918,-0.1513,-0.2579,-0.1658,-0.2043,-0.1124,-0.1024,-0.1723,-0.2798
TN,65,est,-0.1631,-0.0085,-0.1729,-0.0573,-0.1846,-0.1054,-0.0386,-0.0907,-0.1478,-0.1298,-0.0729,-0.1857,-0.1094,-0.1318,-0.061,-0.0625,-0.1182,-0.2379
TN,70,est,-0.1003,0.0436,-0.1258,-0.0182,-0.1232,-0.051,-0.0084,-0.04,-0.0934,-0.0673,0.006,-0.1131,-0.0526,-0.059,-0.0092,-0.0223,-0.0638,-0.1956
TN,75,est,-0.0371,0.0961,-0.0784,0.0214,-0.0615,0.0038,0.0222,0.011,-0.0385,-0.0045,0.0852,-0.0401,0.0046,0.0143,0.0429,0.0183,-0.0089,-0.153
TN,80,est,0.0265,0.149,-0.0306,0.0614,0.0007,0.059,0.0532,0.0625,0.0167,0.0588,0.1648,0.0334,0.0622,0.0879,0.0955,0.0593,0.0463,-0.1099
TN,85,est,0.0905,0.2023,0.0176,0.1017,0.0633,0.1146,0.0846,0.1144,0.0723,0.1224,0.2448,0.1072,0.1202,0.162,0.1485,0.1007,0.102,-0.0665
TN,90,est,0.1548,0.2559,0.0661,0.1424,0.1261,0.1704,0.1163,0.1666,0.1283,0.1863,0.3251,0.1813,0.1785,0.2363,0.2017,0.1424,0.1579,-0.0227
TN,95,est,0.217,0.3074,0.1126,0.181,0.1869,0.2243,0.146,0.2167,0.1821,0.2482,0.4034,0.2534,0.2347,0.3086,0.2529,0.1821,0.2118,0.019
TN,100,est,0.277,0.3567,0.1568,0.2174,0.2455,0.2759,0.1734,0.2646,0.2338,0.3079,0.4795,0.3232,0.2887,0.3787,0.3019,0.2195,0.2635,0.0585
TN,0,se,0.0713,0.0874,0.0357,0.0577,0.0711,0.1283,0.1578,0.0564,0.1865,0.1511,0.0835,0.078,0.1108,0.0834,0.1437,0.153,0.1545,0.1603
TN,5,se,0.0643,0.0822,0.0322,0.0534,0.0643,0.1177,0.1486,0.0522,0.172,0.1403,0.0743,0.0715,0.1022,0.0772,0.1319,0.1411,0.1432,0.1472
TN,10,se,0.0576,0.077,0.0291,0.0493,0.0591,0.1083,0.1395,0.0481,0.1582,0.1304,0.0661,0.0666,0.0949,0.0728,0.121,0.1297,0.1328,0.1346
TN,15,se,0.0514,0.0718,0.0265,0.0455,0.0559,0.1002,0.1305,0.0441,0.1453,0.1218,0.0593,0.0636,0.0893,0.0704,0.1114,0.1188,0.1237,0.1228
TN,20,se,0.0458,0.0667,0.0247,0.042,0.0552,0.094,0.1217,0.0404,0.1336,0.1147,0.0546,0.0628,0.0857,0.0703,0.1034,0.1086,0.1161,0.1119
TN,25,se,0.0411,0.0616,0.0237,0.0389,0.0569,0.0899,0.1129,0.0367,0.1234,0.1093,0.0524,0.0644,0.0843,0.0726,0.0974,0.0993,0.1103,0.1023
TN,30,se,0.0375,0.0568,0.0237,0.0363,0.0609,0.0883,0.1042,0.0334,0.1151,0.1061,0.053,0.068,0.0853,0.077,0.0939,0.0913,0.1065,0.0943
TN,35,se,0.0359,0.0524,0.0252,0.0348,0.0671,0.0895,0.0959,0.031,0.1092,0.1052,0.0566,0.0737,0.0887,0.0833,0.0932,0.085,0.1052,0.0886
TN,40,se,0.0358,0.0476,0.0269,0.0336,0.0743,0.093,0.0877,0.0283,0.1058,0.1065,0.0622,0.0806,0.0939,0.0908,0.0951,0.0804,0.1062,0.0852
TN,45,se,0.0372,0.0426,0.0291,0.0328,0.0825,0.0987,0.0796,0.0257,0.1054,0.11,0.0696,0.0886,0.1008,0.0994,0.0995,0.078,0.1094,0.0845
TN,50,se,0.0405,0.0381,0.0322,0.0334,0.0917,0.1064,0.0722,0.0244,0.108,0.1155,0.0784,0.0975,0.1092,0.1089,0.1062,0.0781,0.1149,0.0869
TN,55,se,0.0452,0.0341,0.0359,0.0349,0.1014,0.1156,0.0654,0.0241,0.1135,0.1229,0.088,0.1071,0.1187,0.119,0.1149,0.0809,0.1223,0.0919
TN,60,se,0.0507,0.0306,0.0398,0.0371,0.1116,0.126,0.0594,0.0247,0.1215,0.1318,0.0983,0.1171,0.1291,0.1297,0.1251,0.0858,0.1312,0.0992
TN,65,se,0.0569,0.0278,0.0438,0.0397,0.122,0.1373,0.0544,0.0261,0.1313,0.1418,0.109,0.1275,0.1401,0.1407,0.1364,0.0926,0.1413,0.1083
TN,70,se,0.0634,0.0257,0.0478,0.0428,0.1326,0.1492,0.0506,0.028,0.1427,0.1527,0.1199,0.1381,0.1516,0.1519,0.1485,0.1008,0.1524,0.1187
TN,75,se,0.0703,0.0245,0.052,0.0463,0.1434,0.1617,0.0483,0.0305,0.1553,0.1643,0.131,0.1489,0.1635,0.1634,0.1614,0.1102,0.1643,0.1302
TN,80,se,0.0775,0.0246,0.0562,0.05,0.1543,0.1746,0.0479,0.0335,0.1689,0.1766,0.1424,0.1599,0.1757,0.1751,0.1747,0.1205,0.1768,0.1425
TN,85,se,0.085,0.026,0.0607,0.0542,0.1654,0.1879,0.0494,0.037,0.1832,0.1894,0.1539,0.1711,0.1882,0.1869,0.1886,0.1315,0.1899,0.1554
TN,90,se,0.0927,0.0288,0.0655,0.0588,0.1767,0.2016,0.0528,0.0411,0.1982,0.2027,0.1656,0.1824,0.201,0.199,0.2028,0.1432,0.2035,0.1689
TN,95,se,0.1001,0.0314,0.0699,0.0631,0.1879,0.2153,0.0575,0.0446,0.2135,0.2162,0.1773,0.1937,0.2139,0.211,0.2172,0.155,0.2173,0.1826
TN,100,se,0.1076,0.0354,0.0745,0.0677,0.1992,0.2293,0.0639,0.0484,0.2293,0.23,0.1893,0.2053,0.227,0.2232,0.2318,0.1672,0.2314,0.1966
TP,0,est,-2.071,-1.832,-2.014,-1.752,-2.057,-1.89,-1.695,-1.731,-1.933,-1.939,-2.055,-2.062,-2.191,-2.188,-1.904,-1.477,-1.936,-2.071
TP,5,est,-2.046,-1.808,-1.969,-1.726,-2.011,-1.857,-1.667,-1.699,-1.898,-1.903,-2.002,-2.02,-2.146,-2.144,-1.868,-1.451,-1.9,-2.04
TP,10,est,-2.019,-1.784,-1.923,-1.7,-1.965,-1.822,-1.638,-1.666,-1.861,-1.865,-1.947,-1.976,-2.101,-2.099,-1.83,-1.424,-1.863,-2.008
TP,15,est,-1.993,-1.76,-1.877,-1.673,-1.918,-1.788,-1.609,-1.633,-1.825,-1.827,-1.892,-1.933,-2.055,-2.054,-1.793,-1.397,-1.826,-1.976
TP,20,est,-1.971,-1.74,-1.836,-1.651,-1.876,-1.758,-1.584,-1.605,-1.793,-1.794,-1.842,-1.894,-2.014,-2.014,-1.76,-1.374,-1.793,-1.948
TP,25,est,-1.945,-1.717,-1.791,-1.625,-1.831,-1.725,-1.556,-1.574,-1.758,-1.757,-1.789,-1.852,-1.97,-1.97,-1.724,-1.348,-1.757,-1.918
TP,30,est,-1.9,-1.674,-1.727,-1.58,-1.766,-1.672,-1.509,-1.522,-1.703,-1.701,-1.715,-1.79,-1.905,-1.907,-1.668,-1.303,-1.702,-1.867
TP,35,est,-1.852,-1.628,-1.659,-1.531,-1.697,-1.616,-1.457,-1.467,-1.644,-1.641,-1.638,-1.725,-1.838,-1.84,-1.609,-1.253,-1.643,-1.813
TP,40,est,-1.824,-1.603,-1.612,-1.504,-1.65,-1.581,-1.428,-1.434,-1.607,-1.602,-1.583,-1.681,-1.791,-1.794,-1.571,-1.226,-1.605,-1.781
TP,45,est,-1.817,-1.598,-1.586,-1.496,-1.623,-1.566,-1.418,-1.421,-1.59,-1.584,-1.548,-1.657,-1.765,-1.768,-1.553,-1.218,-1.587,-1.768
TP,50,est,-1.813,-1.596,-1.562,-1.492,-1.599,-1.554,-1.411,-1.41,-1.575,-1.568,-1.515,-1.636,-1.742,-1.746,-1.538,-1.213,-1.572,-1.758
TP,55,est,-1.809,-1.594,-1.539,-1.488,-1.575,-1.543,-1.405,-1.4,-1.562,-1.553,-1.483,-1.615,-1.719,-1.724,-1.523,-1.208,-1.558,-1.749
TP,60,est,-1.799,-1.586,-1.509,-1.478,-1.545,-1.525,-1.392,-1.384,-1.542,-1.532,-1.445,-1.589,-1.69,-1.695,-1.502,-1.198,-1.537,-1.733
TP,65,est,-1.777,-1.567,-1.468,-1.456,-1.503,-1.495,-1.368,-1.356,-1.51,-1.499,-1.395,-1.55,-1.649,-1.655,-1.47,-1.175,-1.505,-1.706
TP,70,est,-1.744,-1.536,-1.416,-1.423,-1.451,-1.455,-1.332,-1.317,-1.467,-1.455,-1.334,-1.5,-1.597,-1.604,-1.426,-1.142,-1.461,-1.668
TP,75,est,-1.703,-1.497,-1.355,-1.381,-1.39,-1.406,-1.288,-1.27,-1.416,-1.402,-1.265,-1.443,-1.537,-1.544,-1.375,-1.1,-1.41,-1.621
TP,80,est,-1.657,-1.453,-1.289,-1.335,-1.323,-1.352,-1.239,-1.217,-1.359,-1.345,-1.19,-1.379,-1.471,-1.479,-1.317,-1.053,-1.353,-1.569
TP,85,est,-1.605,-1.404,-1.218,-1.283,-1.251,-1.292,-1.185,-1.159,-1.298,-1.282,-1.11,-1.311,-1.4,-1.409,-1.255,-1.001,-1.291,-1.512
TP,90,est,-1.549,-1.35,-1.143,-1.227,-1.176,-1.229,-1.127,-1.098,-1.232,-1.215,-1.027,-1.239,-1.326,-1.335,-1.189,-0.945,-1.225,-1.451
TP,95,est,-1.54,-1.344,-1.115,-1.218,-1.147,-1.212,-1.115,-1.082,-1.213,-1.195,-0.99,-1.213,-1.298,-1.308,-1.169,-0.935,-1.205,-1.437
TP,100,est,-1.581,-1.387,-1.136,-1.259,-1.168,-1.245,-1.154,-1.117,-1.244,-1.224,-1.002,-1.237,-1.319,-1.33,-1.199,-0.975,-1.235,-1.472
TP,0,se,0.0792,0.1029,0.0422,0.0675,0.08,0.1332,0.1772,0.0658,0.1926,0.1562,0.0895,0.0884,0.1246,0.0962,0.1528,0.1592,0.1717,0.1546
TP,5,se,0.0712,0.0965,0.038,0.0625,0.0741,0.1255,0.1672,0.0604,0.1829,0.1491,0.0812,0.0837,0.1184,0.0917,0.1447,0.149,0.1642,0.1445
TP,10,se,0.0646,0.0908,0.0353,0.0584,0.0706,0.1195,0.1576,0.0562,0.1744,0.1437,0.0746,0.0808,0.1143,0.0897,0.1381,0.1397,0.1582,0.1355
TP,15,se,0.0579,0.0844,0.0313,0.0534,0.0683,0.1147,0.1478,0.0511,0.1665,0.139,0.0688,0.0786,0.1113,0.0888,0.1323,0.1306,0.1532,0.1269
TP,20,se,0.054,0.0792,0.032,0.0509,0.0697,0.1124,0.1388,0.0482,0.1603,0.1364,0.0668,0.0798,0.1111,0.0912,0.1285,0.1234,0.1503,0.1203
TP,25,se,0.0477,0.0722,0.0287,0.0462,0.071,0.1102,0.1289,0.0425,0.1543,0.1342,0.0645,0.0816,0.1107,0.0936,0.1254,0.1155,0.1471,0.1136
TP,30,se,0.0456,0.0693,0.0303,0.0448,0.0766,0.1113,0.1203,0.0416,0.1508,0.1345,0.0663,0.0864,0.1135,0.0993,0.1251,0.1104,0.1465,0.1096
TP,35,se,0.0474,0.068,0.0356,0.0464,0.0845,0.115,0.1127,0.0435,0.1493,0.137,0.0714,0.0936,0.1186,0.1072,0.1271,0.1075,0.148,0.1081
TP,40,se,0.0461,0.0613,0.0356,0.0435,0.0906,0.1181,0.1032,0.0388,0.1474,0.139,0.0757,0.0995,0.123,0.1138,0.1286,0.1036,0.1492,0.1061
TP,45,se,0.0462,0.0527,0.0368,0.0411,0.0975,0.1226,0.094,0.0328,0.1467,0.1424,0.0819,0.1067,0.1286,0.1215,0.1316,0.1009,0.1516,0.1059
TP,50,se,0.0504,0.0472,0.0422,0.0429,0.1069,0.1296,0.0869,0.032,0.1487,0.1481,0.0911,0.1161,0.1365,0.1311,0.1371,0.1013,0.1563,0.1088
TP,55,se,0.0556,0.043,0.0475,0.0455,0.1169,0.1379,0.0808,0.0328,0.1525,0.1549,0.101,0.1262,0.1453,0.1414,0.1441,0.1035,0.1622,0.1135
TP,60,se,0.0611,0.0394,0.0518,0.0479,0.1272,0.1468,0.0755,0.0342,0.1575,0.1625,0.111,0.1363,0.1546,0.1519,0.1519,0.1071,0.1689,0.1194
TP,65,se,0.0672,0.0369,0.0556,0.0502,0.1376,0.1563,0.0711,0.0361,0.1635,0.1707,0.121,0.1465,0.1643,0.1626,0.1604,0.112,0.1764,0.1262
TP,70,se,0.0738,0.0354,0.0593,0.0527,0.1482,0.1663,0.0673,0.0382,0.1705,0.1796,0.1311,0.1568,0.1744,0.1735,0.1696,0.118,0.1846,0.1338
TP,75,se,0.0807,0.0343,0.063,0.0553,0.1588,0.1767,0.0639,0.0402,0.1783,0.1889,0.1412,0.1671,0.1848,0.1845,0.1794,0.1249,0.1933,0.1422
TP,80,se,0.0881,0.0334,0.0669,0.0585,0.1695,0.1875,0.061,0.0426,0.1868,0.1987,0.1514,0.1775,0.1955,0.1957,0.1896,0.1327,0.2026,0.1514
TP,85,se,0.0962,0.0339,0.0717,0.0629,0.1805,0.1989,0.0594,0.0464,0.1963,0.2092,0.1621,0.1884,0.2068,0.2073,0.2006,0.1417,0.2125,0.1616
TP,90,se,0.1064,0.04,0.0793,0.0707,0.1927,0.2115,0.0622,0.0546,0.2074,0.221,0.1741,0.2004,0.2192,0.2199,0.2129,0.1527,0.2239,0.1736
TP,95,se,0.1127,0.0393,0.0828,0.0735,0.2034,0.223,0.0651,0.0557,0.2176,0.2318,0.1851,0.2113,0.2304,0.2313,0.224,0.1616,0.2343,0.184
TP,100,se,0.1191,0.0451,0.0879,0.0777,0.215,0.2354,0.0753,0.0584,0.2291,0.2435,0.1978,0.2235,0.2426,0.2436,0.2362,0.1713,0.2457,0.1953
